{
    "x": -41.84098069006417,
    "y": 282.35079994538586,
    "theta": 1.5703095197677612,
    "speed": 0.0,
    "target_speed": 4.0,
    "x_command": -45.316798836658776,
    "y_command": 332.3525395154904,
    "command": 4,
    "waypoints": [
        [
            -41.85740661621094,
            282.3946533203125,
            1.5830951615308566
        ],
        [
            -41.92013931274414,
            282.53436279296875,
            1.6242934032685148
        ],
        [
            -42.03871536254883,
            282.7643737792969,
            1.6939042188785232
        ],
        [
            -42.231746673583984,
            283.07330322265625,
            1.7919276135623683
        ],
        [
            -42.51945114135742,
            283.4447937011719,
            1.9151731161729464
        ],
        [
            -42.87873840332031,
            283.8945617675781,
            2.0263073278046573
        ],
        [
            -43.287471771240234,
            284.439697265625,
            2.0993508124181557
        ],
        [
            -43.728519439697266,
            285.09130859375,
            2.127264036304035
        ]
    ],
    "steer": 1.0,
    "throttle": 0.75,
    "brake": false,
    "junction": false,
    "vehicle_hazard": [
        false,
        false,
        false,
        false,
        false,
        false,
        false,
        false,
        false,
        false,
        false,
        false,
        false,
        false,
        false,
        false,
        false,
        false,
        false,
        false,
        false,
        false,
        false,
        false,
        false,
        false,
        false,
        false,
        false,
        false,
        false,
        false,
        false,
        false,
        false,
        false,
        false,
        false,
        false,
        false,
        false,
        false,
        false,
        false,
        false,
        false,
        false,
        false,
        false,
        false,
        false,
        false,
        false,
        false,
        false,
        false,
        false,
        false,
        false,
        false,
        false,
        false,
        false,
        false,
        false,
        false,
        false,
        false,
        false,
        false,
        false,
        false,
        false,
        false,
        false,
        false,
        false,
        false,
        false,
        false
    ],
    "light_hazard": false,
    "walker_hazard": [
        false,
        false,
        false,
        false,
        false,
        false,
        false,
        false,
        false,
        false,
        false,
        false,
        false,
        false,
        false,
        false,
        false,
        false,
        false,
        false,
        false,
        false,
        false,
        false,
        false,
        false,
        false,
        false,
        false,
        false,
        false,
        false,
        false,
        false,
        false,
        false,
        false,
        false,
        false,
        false,
        false,
        false,
        false,
        false,
        false,
        false,
        false,
        false,
        false,
        false,
        false,
        false,
        false,
        false,
        false,
        false,
        false,
        false,
        false,
        false,
        false,
        false,
        false,
        false,
        false,
        false,
        false,
        false,
        false,
        false,
        false,
        false,
        false,
        false,
        false,
        false,
        false,
        false,
        false,
        false
    ],
    "stop_sign_hazard": false,
    "angle": -0.06236436759583288,
    "ego_matrix": [
        [
            0.9999998807907104,
            0.00048682582564651966,
            0.0,
            282.3507995605469
        ],
        [
            -0.00048682582564651966,
            0.9999998807907104,
            0.0,
            41.83905792236328
        ],
        [
            0.0,
            -0.0,
            1.0,
            0.4878317415714264
        ],
        [
            0.0,
            0.0,
            0.0,
            1.0
        ]
    ]
}