{
    "x": -41.840995950207976,
    "y": 282.350830462964,
    "theta": 1.5703099966049194,
    "speed": 3.10654722266898e-05,
    "target_speed": 4.0,
    "x_command": -45.316798836658776,
    "y_command": 332.3525395154904,
    "command": 4,
    "waypoints": [
        [
            -41.857425689697266,
            282.3946838378906,
            1.583099873037332
        ],
        [
            -41.920169830322266,
            282.534423828125,
            1.624302291568653
        ],
        [
            -42.038753509521484,
            282.7644348144531,
            1.6939172850126214
        ],
        [
            -42.23179626464844,
            283.0733947753906,
            1.7919448575304266
        ],
        [
            -42.5195198059082,
            283.44488525390625,
            1.915194421461667
        ],
        [
            -42.878807067871094,
            283.8946838378906,
            2.0263153172879274
        ],
        [
            -43.28755187988281,
            284.4398193359375,
            2.0993604663771075
        ],
        [
            -43.72858428955078,
            285.0914611816406,
            2.1272528843169702
        ]
    ],
    "steer": 1.0,
    "throttle": 0.75,
    "brake": false,
    "junction": false,
    "vehicle_hazard": [
        false,
        false,
        false,
        false,
        false,
        false,
        false,
        false,
        false,
        false,
        false,
        false,
        false,
        false,
        false,
        false,
        false,
        false,
        false,
        false,
        false,
        false,
        false,
        false,
        false,
        false,
        false,
        false,
        false,
        false,
        false,
        false,
        false,
        false,
        false,
        false,
        false,
        false,
        false,
        false,
        false,
        false,
        false,
        false,
        false,
        false,
        false,
        false,
        false,
        false,
        false,
        false,
        false,
        false,
        false,
        false,
        false,
        false,
        false,
        false,
        false,
        false,
        false,
        false,
        false,
        false,
        false,
        false,
        false,
        false,
        false,
        false,
        false,
        false,
        false,
        false,
        false,
        false,
        false,
        false
    ],
    "light_hazard": false,
    "walker_hazard": [
        false,
        false,
        false,
        false,
        false,
        false,
        false,
        false,
        false,
        false,
        false,
        false,
        false,
        false,
        false,
        false,
        false,
        false,
        false,
        false,
        false,
        false,
        false,
        false,
        false,
        false,
        false,
        false,
        false,
        false,
        false,
        false,
        false,
        false,
        false,
        false,
        false,
        false,
        false,
        false,
        false,
        false,
        false,
        false,
        false,
        false,
        false,
        false,
        false,
        false,
        false,
        false,
        false,
        false,
        false,
        false,
        false,
        false,
        false,
        false,
        false,
        false,
        false,
        false,
        false,
        false,
        false,
        false,
        false,
        false,
        false,
        false,
        false,
        false,
        false,
        false,
        false,
        false,
        false,
        false
    ],
    "stop_sign_hazard": false,
    "angle": -0.062355852556738964,
    "ego_matrix": [
        [
            0.9999998807907104,
            0.0004862906935159117,
            -5.414354018284939e-05,
            282.350830078125
        ],
        [
            -0.000486293196445331,
            0.9999998807907104,
            -4.631267802324146e-05,
            41.839073181152344
        ],
        [
            5.412101381807588e-05,
            4.6339002437889576e-05,
            1.0,
            0.00418994901701808
        ],
        [
            0.0,
            0.0,
            0.0,
            1.0
        ]
    ]
}