{
    "x": -41.840973063156305,
    "y": 282.35079994538586,
    "theta": 1.5703095197677612,
    "speed": 1.276125522212481e-06,
    "target_speed": 4.0,
    "x_command": -45.316798836658776,
    "y_command": 332.3525395154904,
    "command": 4,
    "waypoints": [
        [
            -41.857398986816406,
            282.3946533203125,
            1.5830953331799114
        ],
        [
            -41.92013168334961,
            282.53436279296875,
            1.6242937444860295
        ],
        [
            -42.03871154785156,
            282.7643737792969,
            1.6939047348659844
        ],
        [
            -42.23173904418945,
            283.07330322265625,
            1.7919283126421544
        ],
        [
            -42.519447326660156,
            283.4447937011719,
            1.915173948410787
        ],
        [
            -42.87873458862305,
            283.8945617675781,
            2.026308326490066
        ],
        [
            -43.28746795654297,
            284.439697265625,
            2.099351844393078
        ],
        [
            -43.728515625,
            285.09130859375,
            2.1272651015684714
        ]
    ],
    "steer": 1.0,
    "throttle": 0.75,
    "brake": false,
    "junction": false,
    "vehicle_hazard": [
        false,
        false,
        false,
        false,
        false,
        false,
        false,
        false,
        false,
        false,
        false,
        false,
        false,
        false,
        false,
        false,
        false,
        false,
        false,
        false,
        false,
        false,
        false,
        false,
        false,
        false,
        false,
        false,
        false,
        false,
        false,
        false,
        false,
        false,
        false,
        false,
        false,
        false,
        false,
        false,
        false,
        false,
        false,
        false,
        false,
        false,
        false,
        false,
        false,
        false,
        false,
        false,
        false,
        false,
        false,
        false,
        false,
        false,
        false,
        false,
        false,
        false,
        false,
        false,
        false,
        false,
        false,
        false,
        false,
        false,
        false,
        false,
        false,
        false,
        false,
        false,
        false,
        false,
        false,
        false
    ],
    "light_hazard": false,
    "walker_hazard": [
        false,
        false,
        false,
        false,
        false,
        false,
        false,
        false,
        false,
        false,
        false,
        false,
        false,
        false,
        false,
        false,
        false,
        false,
        false,
        false,
        false,
        false,
        false,
        false,
        false,
        false,
        false,
        false,
        false,
        false,
        false,
        false,
        false,
        false,
        false,
        false,
        false,
        false,
        false,
        false,
        false,
        false,
        false,
        false,
        false,
        false,
        false,
        false,
        false,
        false,
        false,
        false,
        false,
        false,
        false,
        false,
        false,
        false,
        false,
        false,
        false,
        false,
        false,
        false,
        false,
        false,
        false,
        false,
        false,
        false,
        false,
        false,
        false,
        false,
        false,
        false,
        false,
        false,
        false,
        false
    ],
    "stop_sign_hazard": false,
    "angle": -0.06236441369661244,
    "ego_matrix": [
        [
            0.9999998807907104,
            0.00048682582564651966,
            -3.220724465791136e-06,
            282.3507995605469
        ],
        [
            -0.00048682582564651966,
            0.9999998807907104,
            -4.2594897422532085e-06,
            41.83905029296875
        ],
        [
            3.2186505904974183e-06,
            4.261057256371714e-06,
            1.0,
            0.03270183503627777
        ],
        [
            0.0,
            0.0,
            0.0,
            1.0
        ]
    ]
}