{
    "x": -41.840973063156305,
    "y": 282.35079994538586,
    "theta": 1.5703095197677612,
    "speed": -5.021432208718564e-09,
    "target_speed": 4.0,
    "x_command": -45.316798836658776,
    "y_command": 332.3525395154904,
    "command": 4,
    "waypoints": [
        [
            -41.857398986816406,
            282.3946533203125,
            1.5830951604905594
        ],
        [
            -41.92013168334961,
            282.53436279296875,
            1.6242933991073254
        ],
        [
            -42.0387077331543,
            282.7643737792969,
            1.6939042188785232
        ],
        [
            -42.23173904418945,
            283.07330322265625,
            1.7919276135623683
        ],
        [
            -42.51944351196289,
            283.4447937011719,
            1.9151730828834328
        ],
        [
            -42.87873077392578,
            283.8945617675781,
            2.0263073278046573
        ],
        [
            -43.2874641418457,
            284.439697265625,
            2.0993508124181557
        ],
        [
            -43.728511810302734,
            285.09130859375,
            2.127264036304035
        ]
    ],
    "steer": 1.0,
    "throttle": 0.75,
    "brake": false,
    "junction": false,
    "vehicle_hazard": [
        false,
        false,
        false,
        false,
        false,
        false,
        false,
        false,
        false,
        false,
        false,
        false,
        false,
        false,
        false,
        false,
        false,
        false,
        false,
        false,
        false,
        false,
        false,
        false,
        false,
        false,
        false,
        false,
        false,
        false,
        false,
        false,
        false,
        false,
        false,
        false,
        false,
        false,
        false,
        false,
        false,
        false,
        false,
        false,
        false,
        false,
        false,
        false,
        false,
        false,
        false,
        false,
        false,
        false,
        false,
        false,
        false,
        false,
        false,
        false,
        false,
        false,
        false,
        false,
        false,
        false,
        false,
        false,
        false,
        false,
        false,
        false,
        false,
        false,
        false,
        false,
        false,
        false,
        false,
        false
    ],
    "light_hazard": false,
    "walker_hazard": [
        false,
        false,
        false,
        false,
        false,
        false,
        false,
        false,
        false,
        false,
        false,
        false,
        false,
        false,
        false,
        false,
        false,
        false,
        false,
        false,
        false,
        false,
        false,
        false,
        false,
        false,
        false,
        false,
        false,
        false,
        false,
        false,
        false,
        false,
        false,
        false,
        false,
        false,
        false,
        false,
        false,
        false,
        false,
        false,
        false,
        false,
        false,
        false,
        false,
        false,
        false,
        false,
        false,
        false,
        false,
        false,
        false,
        false,
        false,
        false,
        false,
        false,
        false,
        false,
        false,
        false,
        false,
        false,
        false,
        false,
        false,
        false,
        false,
        false,
        false,
        false,
        false,
        false,
        false,
        false
    ],
    "stop_sign_hazard": false,
    "angle": -0.062363165133378896,
    "ego_matrix": [
        [
            0.9999998807907104,
            0.00048682582564651966,
            -2.3867784193498665e-07,
            282.3507995605469
        ],
        [
            -0.00048682582564651966,
            0.9999998807907104,
            -5.325160827851505e-07,
            41.83905029296875
        ],
        [
            2.3841856489070778e-07,
            5.326322138898831e-07,
            1.0,
            0.033413276076316833
        ],
        [
            0.0,
            0.0,
            0.0,
            1.0
        ]
    ]
}