{
    "x": -41.90252984604221,
    "y": 282.44186439863495,
    "theta": 1.6453752517700195,
    "speed": 1.0526993919608514,
    "target_speed": 4.0,
    "x_command": -45.316798836658776,
    "y_command": 332.3525395154904,
    "command": 4,
    "waypoints": [
        [
            -42.178077697753906,
            282.9435729980469,
            1.7696658338914757
        ],
        [
            -42.59860610961914,
            283.4764099121094,
            1.950609537111704
        ],
        [
            -43.1296501159668,
            284.05450439453125,
            2.1058364419103395
        ],
        [
            -43.690765380859375,
            284.7456970214844,
            2.173014414091479
        ],
        [
            -44.23497009277344,
            285.5795593261719,
            2.1566648686853194
        ],
        [
            -44.71695327758789,
            286.5695495605469,
            2.0777900932594697
        ],
        [
            -45.08831787109375,
            287.7176818847656,
            1.957608191298378
        ],
        [
            -45.32570266723633,
            289.008544921875,
            1.8244921148710984
        ]
    ],
    "steer": 1.0,
    "throttle": 0.75,
    "brake": false,
    "junction": false,
    "vehicle_hazard": [
        false,
        false,
        false,
        false,
        false,
        false,
        false,
        false,
        false,
        false,
        false,
        false,
        false,
        false,
        false,
        false,
        false,
        false,
        false,
        false,
        false,
        false,
        false,
        false,
        false,
        false,
        false,
        false,
        false,
        false,
        false,
        false,
        false,
        false,
        false,
        false,
        false,
        false,
        false,
        false,
        false,
        false,
        false,
        false,
        false,
        false,
        false,
        false,
        false,
        false,
        false,
        false,
        false,
        false,
        false,
        false,
        false,
        false,
        false,
        false,
        false,
        false,
        false,
        false,
        false,
        false,
        false,
        false,
        false,
        false,
        false,
        false,
        false,
        false,
        false,
        false,
        false,
        false,
        false,
        false
    ],
    "light_hazard": false,
    "walker_hazard": [
        false,
        false,
        false,
        false,
        false,
        false,
        false,
        false,
        false,
        false,
        false,
        false,
        false,
        false,
        false,
        false,
        false,
        false,
        false,
        false,
        false,
        false,
        false,
        false,
        false,
        false,
        false,
        false,
        false,
        false,
        false,
        false,
        false,
        false,
        false,
        false,
        false,
        false,
        false,
        false,
        false,
        false,
        false,
        false,
        false,
        false,
        false,
        false,
        false,
        false,
        false,
        false,
        false,
        false,
        false,
        false,
        false,
        false,
        false,
        false,
        false,
        false,
        false,
        false,
        false,
        false,
        false,
        false,
        false,
        false,
        false,
        false,
        false,
        false,
        false,
        false,
        false,
        false,
        false,
        false
    ],
    "stop_sign_hazard": false,
    "angle": -0.16003037955865976,
    "ego_matrix": [
        [
            0.9990079402923584,
            -0.044512808322906494,
            -0.0013160683447495103,
            282.4418640136719
        ],
        [
            0.0445064976811409,
            0.9989989995956421,
            -0.004488647449761629,
            41.900604248046875
        ],
        [
            0.0015145533252507448,
            0.004425621125847101,
            0.9999890923500061,
            0.032665517181158066
        ],
        [
            0.0,
            0.0,
            0.0,
            1.0
        ]
    ]
}