{
    "x": -42.86859673151164,
    "y": 283.2855838822068,
    "theta": 2.185228109359741,
    "speed": 3.004438237022248,
    "target_speed": 4.0,
    "x_command": -45.316798836658776,
    "y_command": 332.3525395154904,
    "command": 4,
    "waypoints": [
        [
            -44.0390739440918,
            284.2984313964844,
            2.3284042710593136
        ],
        [
            -45.12217712402344,
            285.545654296875,
            2.2819263842410873
        ],
        [
            -45.853424072265625,
            287.1390075683594,
            2.05079366257885
        ],
        [
            -46.0727424621582,
            288.986572265625,
            1.7547112189747855
        ],
        [
            -45.88691711425781,
            290.9375915527344,
            1.5250686857452591
        ],
        [
            -45.52945327758789,
            292.90411376953125,
            1.4180275529719182
        ],
        [
            -45.215126037597656,
            294.8883972167969,
            1.4205658284516296
        ],
        [
            -45.055870056152344,
            296.8962707519531,
            1.4848796374594162
        ]
    ],
    "steer": 0.763,
    "throttle": 0.75,
    "brake": false,
    "junction": false,
    "vehicle_hazard": [
        false,
        false,
        false,
        false,
        false,
        false,
        false,
        false,
        false,
        false,
        false,
        false,
        false,
        false,
        false,
        false,
        false,
        false,
        false,
        false,
        false,
        false,
        false,
        false,
        false,
        false,
        false,
        false,
        false,
        false,
        false,
        false,
        false,
        false,
        false,
        false,
        false,
        false,
        false,
        false,
        false,
        false,
        false,
        false,
        false,
        false,
        false,
        false,
        false,
        false,
        false,
        false,
        false,
        false,
        false,
        false,
        false,
        false,
        false,
        false,
        false,
        false,
        false,
        false,
        false,
        false,
        false,
        false,
        false,
        false,
        false,
        false,
        false,
        false,
        false,
        false,
        false,
        false,
        false,
        false
    ],
    "light_hazard": false,
    "walker_hazard": [
        false,
        false,
        false,
        false,
        false,
        false,
        false,
        false,
        false,
        false,
        false,
        false,
        false,
        false,
        false,
        false,
        false,
        false,
        false,
        false,
        false,
        false,
        false,
        false,
        false,
        false,
        false,
        false,
        false,
        false,
        false,
        false,
        false,
        false,
        false,
        false,
        false,
        false,
        false,
        false,
        false,
        false,
        false,
        false,
        false,
        false,
        false,
        false,
        false,
        false,
        false,
        false,
        false,
        false,
        false,
        false,
        false,
        false,
        false,
        false,
        false,
        false,
        false,
        false,
        false,
        false,
        false,
        false,
        false,
        false,
        false,
        false,
        false,
        false,
        false,
        false,
        false,
        false,
        false,
        false
    ],
    "stop_sign_hazard": false,
    "angle": 0.09407839400220445,
    "ego_matrix": [
        [
            0.8516156673431396,
            -0.5241568088531494,
            0.0032419515773653984,
            283.28558349609375
        ],
        [
            0.5241663455963135,
            0.8515903949737549,
            -0.006597395520657301,
            42.86662673950195
        ],
        [
            0.0006972550181671977,
            0.007317767012864351,
            0.9999729990959167,
            0.03307025879621506
        ],
        [
            0.0,
            0.0,
            0.0,
            1.0
        ]
    ]
}