{
    "x": -44.74063863167118,
    "y": 284.45391884473673,
    "theta": 2.4748032093048096,
    "speed": 4.6443533785642215,
    "target_speed": 4.0,
    "x_command": -45.316798836658776,
    "y_command": 332.3525395154904,
    "command": 4,
    "waypoints": [
        [
            -46.18229675292969,
            286.260009765625,
            2.237084543859524
        ],
        [
            -46.7167854309082,
            288.51605224609375,
            1.8244746545212016
        ],
        [
            -46.38949203491211,
            290.8296203613281,
            1.4646092864279008
        ],
        [
            -45.69268035888672,
            293.06903076171875,
            1.2958525412510111
        ],
        [
            -45.08552932739258,
            295.3334655761719,
            1.3201355270312196
        ],
        [
            -44.80986785888672,
            297.6603698730469,
            1.4498333612979766
        ],
        [
            -44.8714485168457,
            300.00372314453125,
            1.5871239510563337
        ],
        [
            -45.11277389526367,
            302.3367614746094,
            1.6637410899247176
        ]
    ],
    "steer": -0.156,
    "throttle": 0.10045608474519437,
    "brake": false,
    "junction": false,
    "vehicle_hazard": [
        false,
        false,
        false,
        false,
        false,
        false,
        false,
        false,
        false,
        false,
        false,
        false,
        false,
        false,
        false,
        false,
        false,
        false,
        false,
        false,
        false,
        false,
        false,
        false,
        false,
        false,
        false,
        false,
        false,
        false,
        false,
        false,
        false,
        false,
        false,
        false,
        false,
        false,
        false,
        false,
        false,
        false,
        false,
        false,
        false,
        false,
        false,
        false,
        false,
        false,
        false,
        false,
        false,
        false,
        false,
        false,
        false,
        false,
        false,
        false,
        false,
        false,
        false,
        false,
        false,
        false,
        false,
        false,
        false,
        false,
        false,
        false,
        false,
        false,
        false,
        false,
        false,
        false,
        false,
        false
    ],
    "light_hazard": false,
    "walker_hazard": [
        false,
        false,
        false,
        false,
        false,
        false,
        false,
        false,
        false,
        false,
        false,
        false,
        false,
        false,
        false,
        false,
        false,
        false,
        false,
        false,
        false,
        false,
        false,
        false,
        false,
        false,
        false,
        false,
        false,
        false,
        false,
        false,
        false,
        false,
        false,
        false,
        false,
        false,
        false,
        false,
        false,
        false,
        false,
        false,
        false,
        false,
        false,
        false,
        false,
        false,
        false,
        false,
        false,
        false,
        false,
        false,
        false,
        false,
        false,
        false,
        false,
        false,
        false,
        false,
        false,
        false,
        false,
        false,
        false,
        false,
        false,
        false,
        false,
        false,
        false,
        false,
        false,
        false,
        false,
        false
    ],
    "stop_sign_hazard": false,
    "angle": -0.02485332008298411,
    "ego_matrix": [
        [
            0.6146709322929382,
            -0.7887783050537109,
            -0.002894861623644829,
            284.45391845703125
        ],
        [
            0.7887834906578064,
            0.6146686673164368,
            0.0017190498765558004,
            44.738582611083984
        ],
        [
            0.00042343136738054454,
            -0.0033400689717382193,
            0.9999942779541016,
            0.03320762515068054
        ],
        [
            0.0,
            0.0,
            0.0,
            1.0
        ]
    ]
}