{
    "x": -46.026826734188624,
    "y": 285.98632851479414,
    "theta": 2.234138011932373,
    "speed": 3.453014190067405,
    "target_speed": 4.0,
    "x_command": -45.316798836658776,
    "y_command": 332.3525395154904,
    "command": 4,
    "waypoints": [
        [
            -46.54829025268555,
            287.6694641113281,
            1.9477949753136539
        ],
        [
            -46.461822509765625,
            289.5410461425781,
            1.6050594380199603
        ],
        [
            -45.981101989746094,
            291.4486083984375,
            1.378078688526887
        ],
        [
            -45.43702697753906,
            293.3716735839844,
            1.317794308827417
        ],
        [
            -45.06023025512695,
            295.34344482421875,
            1.3794140640764798
        ],
        [
            -44.93232727050781,
            297.35186767578125,
            1.4908757862656217
        ],
        [
            -45.00774383544922,
            299.3651428222656,
            1.5898111034827644
        ],
        [
            -45.17792892456055,
            301.37322998046875,
            1.6427292565890752
        ]
    ],
    "steer": -0.521,
    "throttle": 0.75,
    "brake": false,
    "junction": false,
    "vehicle_hazard": [
        false,
        false,
        false,
        false,
        false,
        false,
        false,
        false,
        false,
        false,
        false,
        false,
        false,
        false,
        false,
        false,
        false,
        false,
        false,
        false,
        false,
        false,
        false,
        false,
        false,
        false,
        false,
        false,
        false,
        false,
        false,
        false,
        false,
        false,
        false,
        false,
        false,
        false,
        false,
        false,
        false,
        false,
        false,
        false,
        false,
        false,
        false,
        false,
        false,
        false,
        false,
        false,
        false,
        false,
        false,
        false,
        false,
        false,
        false,
        false,
        false,
        false,
        false,
        false,
        false,
        false,
        false,
        false,
        false,
        false,
        false,
        false,
        false,
        false,
        false,
        false,
        false,
        false,
        false,
        false
    ],
    "light_hazard": false,
    "walker_hazard": [
        false,
        false,
        false,
        false,
        false,
        false,
        false,
        false,
        false,
        false,
        false,
        false,
        false,
        false,
        false,
        false,
        false,
        false,
        false,
        false,
        false,
        false,
        false,
        false,
        false,
        false,
        false,
        false,
        false,
        false,
        false,
        false,
        false,
        false,
        false,
        false,
        false,
        false,
        false,
        false,
        false,
        false,
        false,
        false,
        false,
        false,
        false,
        false,
        false,
        false,
        false,
        false,
        false,
        false,
        false,
        false,
        false,
        false,
        false,
        false,
        false,
        false,
        false,
        false,
        false,
        false,
        false,
        false,
        false,
        false,
        false,
        false,
        false,
        false,
        false,
        false,
        false,
        false,
        false,
        false
    ],
    "stop_sign_hazard": false,
    "angle": -0.02148627018595016,
    "ego_matrix": [
        [
            0.7666804790496826,
            -0.6420243978500366,
            -0.002394020091742277,
            285.986328125
        ],
        [
            0.6420276761054993,
            0.76666659116745,
            0.004780180286616087,
            46.02471160888672
        ],
        [
            -0.001233577262610197,
            -0.0052018980495631695,
            0.9999856948852539,
            0.034029271453619
        ],
        [
            0.0,
            0.0,
            0.0,
            1.0
        ]
    ]
}