{
    "x": -46.451387718901046,
    "y": 287.8168338883828,
    "theta": 1.825937271118164,
    "speed": 3.8853421049065524,
    "target_speed": 4.0,
    "x_command": -45.316798836658776,
    "y_command": 332.3525395154904,
    "command": 4,
    "waypoints": [
        [
            -46.30838394165039,
            289.77734375,
            1.560109059259814
        ],
        [
            -45.82954788208008,
            291.71612548828125,
            1.3729945642031143
        ],
        [
            -45.341426849365234,
            293.6604919433594,
            1.3411503148111963
        ],
        [
            -45.03578186035156,
            295.64581298828125,
            1.412489459550828
        ],
        [
            -44.961875915527344,
            297.65472412109375,
            1.5176928572080137
        ],
        [
            -45.06044387817383,
            299.66339111328125,
            1.603130500039443
        ],
        [
            -45.223079681396484,
            301.6681823730469,
            1.6418263034991054
        ],
        [
            -45.363075256347656,
            303.6746520996094,
            1.6381402929745432
        ]
    ],
    "steer": -0.608,
    "throttle": 0.6692465973114005,
    "brake": false,
    "junction": false,
    "vehicle_hazard": [
        false,
        false,
        false,
        false,
        false,
        false,
        false,
        false,
        false,
        false,
        false,
        false,
        false,
        false,
        false,
        false,
        false,
        false,
        false,
        false,
        false,
        false,
        false,
        false,
        false,
        false,
        false,
        false,
        false,
        false,
        false,
        false,
        false,
        false,
        false,
        false,
        false,
        false,
        false,
        false,
        false,
        false,
        false,
        false,
        false,
        false,
        false,
        false,
        false,
        false,
        false,
        false,
        false,
        false,
        false,
        false,
        false,
        false,
        false,
        false,
        false,
        false,
        false,
        false,
        false,
        false,
        false,
        false,
        false,
        false,
        false,
        false,
        false,
        false,
        false,
        false,
        false,
        false,
        false,
        false
    ],
    "light_hazard": false,
    "walker_hazard": [
        false,
        false,
        false,
        false,
        false,
        false,
        false,
        false,
        false,
        false,
        false,
        false,
        false,
        false,
        false,
        false,
        false,
        false,
        false,
        false,
        false,
        false,
        false,
        false,
        false,
        false,
        false,
        false,
        false,
        false,
        false,
        false,
        false,
        false,
        false,
        false,
        false,
        false,
        false,
        false,
        false,
        false,
        false,
        false,
        false,
        false,
        false,
        false,
        false,
        false,
        false,
        false,
        false,
        false,
        false,
        false,
        false,
        false,
        false,
        false,
        false,
        false,
        false,
        false,
        false,
        false,
        false,
        false,
        false,
        false,
        false,
        false,
        false,
        false,
        false,
        false,
        false,
        false,
        false,
        false
    ],
    "stop_sign_hazard": false,
    "angle": -0.04877587053861527,
    "ego_matrix": [
        [
            0.9554729461669922,
            -0.2950751483440399,
            -0.0014704263303428888,
            287.81683349609375
        ],
        [
            0.2950787842273712,
            0.9554589986801147,
            0.005167689174413681,
            46.44925308227539
        ],
        [
            -0.00011992453801212832,
            -0.0053714788518846035,
            0.9999855756759644,
            0.03347538039088249
        ],
        [
            0.0,
            0.0,
            0.0,
            1.0
        ]
    ]
}