{
    "x": -46.137461856040915,
    "y": 289.8287967817501,
    "theta": 1.4547022581100464,
    "speed": 4.2449303919963475,
    "target_speed": 4.0,
    "x_command": -45.316798836658776,
    "y_command": 332.3525395154904,
    "command": 4,
    "waypoints": [
        [
            -45.60214614868164,
            291.8861999511719,
            1.3463819449698455
        ],
        [
            -45.134586334228516,
            293.9658203125,
            1.3586654093131862
        ],
        [
            -44.91344451904297,
            296.08990478515625,
            1.4600468753616747
        ],
        [
            -44.94331741333008,
            298.22747802734375,
            1.5704933013574327
        ],
        [
            -45.118072509765625,
            300.3589172363281,
            1.639997881124387
        ],
        [
            -45.31083297729492,
            302.4888916015625,
            1.6550805732835638
        ],
        [
            -45.43638610839844,
            304.623779296875,
            1.6300810515285022
        ],
        [
            -45.46882629394531,
            306.7621154785156,
            1.5903577734725574
        ]
    ],
    "steer": -0.35,
    "throttle": 0.05414442067030893,
    "brake": false,
    "junction": false,
    "vehicle_hazard": [
        false,
        false,
        false,
        false,
        false,
        false,
        false,
        false,
        false,
        false,
        false,
        false,
        false,
        false,
        false,
        false,
        false,
        false,
        false,
        false,
        false,
        false,
        false,
        false,
        false,
        false,
        false,
        false,
        false,
        false,
        false,
        false,
        false,
        false,
        false,
        false,
        false,
        false,
        false,
        false,
        false,
        false,
        false,
        false,
        false,
        false,
        false,
        false,
        false,
        false,
        false,
        false,
        false,
        false,
        false,
        false,
        false,
        false,
        false,
        false,
        false,
        false,
        false,
        false,
        false,
        false,
        false,
        false,
        false,
        false,
        false,
        false,
        false,
        false,
        false,
        false,
        false,
        false,
        false,
        false
    ],
    "light_hazard": false,
    "walker_hazard": [
        false,
        false,
        false,
        false,
        false,
        false,
        false,
        false,
        false,
        false,
        false,
        false,
        false,
        false,
        false,
        false,
        false,
        false,
        false,
        false,
        false,
        false,
        false,
        false,
        false,
        false,
        false,
        false,
        false,
        false,
        false,
        false,
        false,
        false,
        false,
        false,
        false,
        false,
        false,
        false,
        false,
        false,
        false,
        false,
        false,
        false,
        false,
        false,
        false,
        false,
        false,
        false,
        false,
        false,
        false,
        false,
        false,
        false,
        false,
        false,
        false,
        false,
        false,
        false,
        false,
        false,
        false,
        false,
        false,
        false,
        false,
        false,
        false,
        false,
        false,
        false,
        false,
        false,
        false,
        false
    ],
    "stop_sign_hazard": false,
    "angle": -0.03749784782637153,
    "ego_matrix": [
        [
            0.9963347911834717,
            0.0855390727519989,
            0.00026110594626516104,
            289.82879638671875
        ],
        [
            -0.08553946763277054,
            0.9963309168815613,
            0.0027611576952040195,
            46.13534164428711
        ],
        [
            -2.3961065380717628e-05,
            -0.002773372223600745,
            0.9999961256980896,
            0.03342868760228157
        ],
        [
            0.0,
            0.0,
            0.0,
            1.0
        ]
    ]
}