{
    "x": -45.47520378997973,
    "y": 291.9080509349747,
    "theta": 1.296576976776123,
    "speed": 4.177876245876036,
    "target_speed": 4.0,
    "x_command": -45.316798836658776,
    "y_command": 332.3525395154904,
    "command": 4,
    "waypoints": [
        [
            -45.00503921508789,
            293.9456481933594,
            1.3482913482476482
        ],
        [
            -44.81978225708008,
            296.0323486328125,
            1.4703274511505724
        ],
        [
            -44.899078369140625,
            298.128173828125,
            1.5907023074550188
        ],
        [
            -45.115543365478516,
            300.21527099609375,
            1.6601155456404677
        ],
        [
            -45.33068084716797,
            302.302490234375,
            1.6679223943165749
        ],
        [
            -45.45988464355469,
            304.39666748046875,
            1.634482353832346
        ],
        [
            -45.485015869140625,
            306.49468994140625,
            1.5888116732211173
        ],
        [
            -45.43693161010742,
            308.59246826171875,
            1.5537987697970876
        ]
    ],
    "steer": -0.006,
    "throttle": 0.047438335925114566,
    "brake": false,
    "junction": false,
    "vehicle_hazard": [
        false,
        false,
        false,
        false,
        false,
        false,
        false,
        false,
        false,
        false,
        false,
        false,
        false,
        false,
        false,
        false,
        false,
        false,
        false,
        false,
        false,
        false,
        false,
        false,
        false,
        false,
        false,
        false,
        false,
        false,
        false,
        false,
        false,
        false,
        false,
        false,
        false,
        false,
        false,
        false,
        false,
        false,
        false,
        false,
        false,
        false,
        false,
        false,
        false,
        false,
        false,
        false,
        false,
        false,
        false,
        false,
        false,
        false,
        false,
        false,
        false,
        false,
        false,
        false,
        false,
        false,
        false,
        false,
        false,
        false,
        false,
        false,
        false,
        false,
        false,
        false,
        false,
        false,
        false,
        false
    ],
    "light_hazard": false,
    "walker_hazard": [
        false,
        false,
        false,
        false,
        false,
        false,
        false,
        false,
        false,
        false,
        false,
        false,
        false,
        false,
        false,
        false,
        false,
        false,
        false,
        false,
        false,
        false,
        false,
        false,
        false,
        false,
        false,
        false,
        false,
        false,
        false,
        false,
        false,
        false,
        false,
        false,
        false,
        false,
        false,
        false,
        false,
        false,
        false,
        false,
        false,
        false,
        false,
        false,
        false,
        false,
        false,
        false,
        false,
        false,
        false,
        false,
        false,
        false,
        false,
        false,
        false,
        false,
        false,
        false,
        false,
        false,
        false,
        false,
        false,
        false,
        false,
        false,
        false,
        false,
        false,
        false,
        false,
        false,
        false,
        false
    ],
    "stop_sign_hazard": false,
    "angle": -0.007865958625133014,
    "ego_matrix": [
        [
            0.9637718200683594,
            0.26672810316085815,
            0.0001728853239910677,
            291.9080505371094
        ],
        [
            -0.2667279541492462,
            0.9637717008590698,
            -0.0005833683535456657,
            45.473114013671875
        ],
        [
            -0.00032222268055193126,
            0.0005161205772310495,
            0.9999998211860657,
            0.033577919006347656
        ],
        [
            0.0,
            0.0,
            0.0,
            1.0
        ]
    ]
}