{
    "x": -45.01414210590123,
    "y": 293.81475870124535,
    "theta": 1.3522589206695557,
    "speed": 3.887353890728761,
    "target_speed": 4.0,
    "x_command": -45.316798836658776,
    "y_command": 332.3525395154904,
    "command": 4,
    "waypoints": [
        [
            -44.8241081237793,
            295.7737731933594,
            1.4581801825298542
        ],
        [
            -44.885040283203125,
            297.76702880859375,
            1.5794632750741124
        ],
        [
            -45.08475875854492,
            299.757568359375,
            1.6539551297292747
        ],
        [
            -45.2947998046875,
            301.74993896484375,
            1.6689677433010799
        ],
        [
            -45.432857513427734,
            303.7499084472656,
            1.6415800776115708
        ],
        [
            -45.4752082824707,
            305.7544250488281,
            1.5984388341141855
        ],
        [
            -45.44374084472656,
            307.7593078613281,
            1.5620310407722808
        ],
        [
            -45.379390716552734,
            309.763427734375,
            1.5432686287663198
        ]
    ],
    "steer": 0.177,
    "throttle": 0.5562882310360103,
    "brake": false,
    "junction": false,
    "vehicle_hazard": [
        false,
        false,
        false,
        false,
        false,
        false,
        false,
        false,
        false,
        false,
        false,
        false,
        false,
        false,
        false,
        false,
        false,
        false,
        false,
        false,
        false,
        false,
        false,
        false,
        false,
        false,
        false,
        false,
        false,
        false,
        false,
        false,
        false,
        false,
        false,
        false,
        false,
        false,
        false,
        false,
        false,
        false,
        false,
        false,
        false,
        false,
        false,
        false,
        false,
        false,
        false,
        false,
        false,
        false,
        false,
        false,
        false,
        false,
        false,
        false,
        false,
        false,
        false,
        false,
        false,
        false,
        false,
        false,
        false,
        false,
        false,
        false,
        false,
        false,
        false,
        false,
        false,
        false,
        false,
        false
    ],
    "light_hazard": false,
    "walker_hazard": [
        false,
        false,
        false,
        false,
        false,
        false,
        false,
        false,
        false,
        false,
        false,
        false,
        false,
        false,
        false,
        false,
        false,
        false,
        false,
        false,
        false,
        false,
        false,
        false,
        false,
        false,
        false,
        false,
        false,
        false,
        false,
        false,
        false,
        false,
        false,
        false,
        false,
        false,
        false,
        false,
        false,
        false,
        false,
        false,
        false,
        false,
        false,
        false,
        false,
        false,
        false,
        false,
        false,
        false,
        false,
        false,
        false,
        false,
        false,
        false,
        false,
        false,
        false,
        false,
        false,
        false,
        false,
        false,
        false,
        false,
        false,
        false,
        false,
        false,
        false,
        false,
        false,
        false,
        false,
        false
    ],
    "stop_sign_hazard": false,
    "angle": 0.008064345163828144,
    "ego_matrix": [
        [
            0.9736190438270569,
            0.22817955911159515,
            -0.00033267727121710777,
            293.81475830078125
        ],
        [
            -0.22817976772785187,
            0.9736169576644897,
            -0.0020145520102232695,
            45.0120735168457
        ],
        [
            -0.00013577938079833984,
            0.0020373163279145956,
            0.9999979138374329,
            0.033485297113657
        ],
        [
            0.0,
            0.0,
            0.0,
            1.0
        ]
    ]
}