{
    "x": -44.86728095619723,
    "y": 295.81994669225963,
    "theta": 1.4956797361373901,
    "speed": 3.9081867555910335,
    "target_speed": 4.0,
    "x_command": -45.316798836658776,
    "y_command": 332.3525395154904,
    "command": 4,
    "waypoints": [
        [
            -44.93479919433594,
            297.7932434082031,
            1.5864981695777058
        ],
        [
            -45.12447738647461,
            299.7800598144531,
            1.6510094322146733
        ],
        [
            -45.31532669067383,
            301.7718811035156,
            1.6606705151221266
        ],
        [
            -45.43406677246094,
            303.77105712890625,
            1.6325319378737562
        ],
        [
            -45.4648551940918,
            305.7744140625,
            1.5924237810254298
        ],
        [
            -45.43058395385742,
            307.77801513671875,
            1.5599874776336735
        ],
        [
            -45.36963653564453,
            309.7810363769531,
            1.5443521400170077
        ],
        [
            -45.31573486328125,
            311.7842712402344,
            1.5449085763178607
        ]
    ],
    "steer": 0.207,
    "throttle": 0.49056829826515524,
    "brake": false,
    "junction": false,
    "vehicle_hazard": [
        false,
        false,
        false,
        false,
        false,
        false,
        false,
        false,
        false,
        false,
        false,
        false,
        false,
        false,
        false,
        false,
        false,
        false,
        false,
        false,
        false,
        false,
        false,
        false,
        false,
        false,
        false,
        false,
        false,
        false,
        false,
        false,
        false,
        false,
        false,
        false,
        false,
        false,
        false,
        false,
        false,
        false,
        false,
        false,
        false,
        false,
        false,
        false,
        false,
        false,
        false,
        false,
        false,
        false,
        false,
        false,
        false,
        false,
        false,
        false,
        false,
        false,
        false,
        false,
        false,
        false,
        false,
        false,
        false,
        false,
        false,
        false,
        false,
        false,
        false,
        false,
        false,
        false,
        false,
        false
    ],
    "light_hazard": false,
    "walker_hazard": [
        false,
        false,
        false,
        false,
        false,
        false,
        false,
        false,
        false,
        false,
        false,
        false,
        false,
        false,
        false,
        false,
        false,
        false,
        false,
        false,
        false,
        false,
        false,
        false,
        false,
        false,
        false,
        false,
        false,
        false,
        false,
        false,
        false,
        false,
        false,
        false,
        false,
        false,
        false,
        false,
        false,
        false,
        false,
        false,
        false,
        false,
        false,
        false,
        false,
        false,
        false,
        false,
        false,
        false,
        false,
        false,
        false,
        false,
        false,
        false,
        false,
        false,
        false,
        false,
        false,
        false,
        false,
        false,
        false,
        false,
        false,
        false,
        false,
        false,
        false,
        false,
        false,
        false,
        false,
        false
    ],
    "stop_sign_hazard": false,
    "angle": 0.01814603066325266,
    "ego_matrix": [
        [
            0.9959485530853271,
            0.08992495387792587,
            6.885713082738221e-05,
            295.8199462890625
        ],
        [
            -0.08992467075586319,
            0.9959468245506287,
            -0.0018555504502728581,
            44.86521911621094
        ],
        [
            -0.00023543833231087774,
            0.001841840916313231,
            0.9999983310699463,
            0.03353450819849968
        ],
        [
            0.0,
            0.0,
            0.0,
            1.0
        ]
    ]
}