{
    "x": -44.99381646446269,
    "y": 297.7659000640526,
    "theta": 1.6192172765731812,
    "speed": 3.6919756788956555,
    "target_speed": 4.0,
    "x_command": -45.316798836658776,
    "y_command": 332.3525395154904,
    "command": 4,
    "waypoints": [
        [
            -45.176116943359375,
            299.6503601074219,
            1.6555272769445326
        ],
        [
            -45.35118103027344,
            301.6164245605469,
            1.655825276348134
        ],
        [
            -45.44877243041992,
            303.6116027832031,
            1.6232597097749681
        ],
        [
            -45.46023941040039,
            305.6161193847656,
            1.5832454064685264
        ],
        [
            -45.41555404663086,
            307.6244201660156,
            1.554467926471673
        ],
        [
            -45.353824615478516,
            309.633544921875,
            1.543305702881526
        ],
        [
            -45.305294036865234,
            311.6431884765625,
            1.5470454967765404
        ],
        [
            -45.283695220947266,
            313.6532897949219,
            1.5585438581096336
        ]
    ],
    "steer": 0.126,
    "throttle": 0.75,
    "brake": false,
    "junction": false,
    "vehicle_hazard": [
        false,
        false,
        false,
        false,
        false,
        false,
        false,
        false,
        false,
        false,
        false,
        false,
        false,
        false,
        false,
        false,
        false,
        false,
        false,
        false,
        false,
        false,
        false,
        false,
        false,
        false,
        false,
        false,
        false,
        false,
        false,
        false,
        false,
        false,
        false,
        false,
        false,
        false,
        false,
        false,
        false,
        false,
        false,
        false,
        false,
        false,
        false,
        false,
        false,
        false,
        false,
        false,
        false,
        false,
        false,
        false,
        false,
        false,
        false,
        false,
        false,
        false,
        false,
        false,
        false,
        false,
        false,
        false,
        false,
        false,
        false,
        false,
        false,
        false,
        false,
        false,
        false,
        false,
        false,
        false
    ],
    "light_hazard": false,
    "walker_hazard": [
        false,
        false,
        false,
        false,
        false,
        false,
        false,
        false,
        false,
        false,
        false,
        false,
        false,
        false,
        false,
        false,
        false,
        false,
        false,
        false,
        false,
        false,
        false,
        false,
        false,
        false,
        false,
        false,
        false,
        false,
        false,
        false,
        false,
        false,
        false,
        false,
        false,
        false,
        false,
        false,
        false,
        false,
        false,
        false,
        false,
        false,
        false,
        false,
        false,
        false,
        false,
        false,
        false,
        false,
        false,
        false,
        false,
        false,
        false,
        false,
        false,
        false,
        false,
        false,
        false,
        false,
        false,
        false,
        false,
        false,
        false,
        false,
        false,
        false,
        false,
        false,
        false,
        false,
        false,
        false
    ],
    "stop_sign_hazard": false,
    "angle": 0.014752822798286627,
    "ego_matrix": [
        [
            0.9992331862449646,
            -0.03915196284651756,
            0.0003055198467336595,
            297.7658996582031
        ],
        [
            0.039152197539806366,
            0.9992328882217407,
            -0.0008035814971663058,
            44.99174880981445
        ],
        [
            -0.0002738237089943141,
            0.0008149271016009152,
            0.9999995827674866,
            0.033553771674633026
        ],
        [
            0.0,
            0.0,
            0.0,
            1.0
        ]
    ]
}