{
    "x": -45.20421813348233,
    "y": 299.5275882988756,
    "theta": 1.6716116666793823,
    "speed": 3.8678568323444393,
    "target_speed": 4.0,
    "x_command": -45.316798836658776,
    "y_command": 332.3525395154904,
    "command": 4,
    "waypoints": [
        [
            -45.381832122802734,
            301.4841003417969,
            1.6604945301083427
        ],
        [
            -45.474021911621094,
            303.47796630859375,
            1.6218580048694753
        ],
        [
            -45.474788665771484,
            305.4827880859375,
            1.5786677805341274
        ],
        [
            -45.41910934448242,
            307.4922790527344,
            1.5493129495793365
        ],
        [
            -45.350379943847656,
            309.5031433105469,
            1.539704158256006
        ],
        [
            -45.299659729003906,
            311.5147705078125,
            1.5456268662339634
        ],
        [
            -45.278995513916016,
            313.5269470214844,
            1.5587013861687065
        ],
        [
            -45.28413772583008,
            315.5392150878906,
            1.5711054366386892
        ]
    ],
    "steer": 0.019,
    "throttle": 0.6185237524385455,
    "brake": false,
    "junction": false,
    "vehicle_hazard": [
        false,
        false,
        false,
        false,
        false,
        false,
        false,
        false,
        false,
        false,
        false,
        false,
        false,
        false,
        false,
        false,
        false,
        false,
        false,
        false,
        false,
        false,
        false,
        false,
        false,
        false,
        false,
        false,
        false,
        false,
        false,
        false,
        false,
        false,
        false,
        false,
        false,
        false,
        false,
        false,
        false,
        false,
        false,
        false,
        false,
        false,
        false,
        false,
        false,
        false,
        false,
        false,
        false,
        false,
        false,
        false,
        false,
        false,
        false,
        false,
        false,
        false,
        false,
        false,
        false,
        false,
        false,
        false,
        false,
        false,
        false,
        false,
        false,
        false,
        false,
        false,
        false,
        false,
        false,
        false
    ],
    "light_hazard": false,
    "walker_hazard": [
        false,
        false,
        false,
        false,
        false,
        false,
        false,
        false,
        false,
        false,
        false,
        false,
        false,
        false,
        false,
        false,
        false,
        false,
        false,
        false,
        false,
        false,
        false,
        false,
        false,
        false,
        false,
        false,
        false,
        false,
        false,
        false,
        false,
        false,
        false,
        false,
        false,
        false,
        false,
        false,
        false,
        false,
        false,
        false,
        false,
        false,
        false,
        false,
        false,
        false,
        false,
        false,
        false,
        false,
        false,
        false,
        false,
        false,
        false,
        false,
        false,
        false,
        false,
        false,
        false,
        false,
        false,
        false,
        false,
        false,
        false,
        false,
        false,
        false,
        false,
        false,
        false,
        false,
        false,
        false
    ],
    "stop_sign_hazard": false,
    "angle": 0.0063120532525335745,
    "ego_matrix": [
        [
            0.995154857635498,
            -0.09831894189119339,
            -0.0005117616383358836,
            299.527587890625
        ],
        [
            0.09831899404525757,
            0.9951549768447876,
            8.265280484920368e-05,
            45.20214080810547
        ],
        [
            0.0005011557950638235,
            -0.00013256822421681136,
            0.9999998807907104,
            0.03316791355609894
        ],
        [
            0.0,
            0.0,
            0.0,
            1.0
        ]
    ]
}