{
    "x": -45.39890252357629,
    "y": 301.53982585044633,
    "theta": 1.6589434146881104,
    "speed": 3.7920139771684176,
    "target_speed": 4.0,
    "x_command": -45.316798836658776,
    "y_command": 332.3525395154904,
    "command": 4,
    "waypoints": [
        [
            -45.48516082763672,
            303.4768981933594,
            1.6224295400453523
        ],
        [
            -45.48306655883789,
            305.4669189453125,
            1.5777412777140105
        ],
        [
            -45.42375564575195,
            307.4678955078125,
            1.547621122401404
        ],
        [
            -45.3513298034668,
            309.47210693359375,
            1.5378784781049726
        ],
        [
            -45.298561096191406,
            311.4789733886719,
            1.544456895874605
        ],
        [
            -45.27721405029297,
            313.4869384765625,
            1.5582290069300564
        ],
        [
            -45.282711029052734,
            315.49505615234375,
            1.5711649510069714
        ],
        [
            -45.3017692565918,
            317.5030822753906,
            1.5785808969841582
        ]
    ],
    "steer": -0.057,
    "throttle": 0.75,
    "brake": false,
    "junction": false,
    "vehicle_hazard": [
        false,
        false,
        false,
        false,
        false,
        false,
        false,
        false,
        false,
        false,
        false,
        false,
        false,
        false,
        false,
        false,
        false,
        false,
        false,
        false,
        false,
        false,
        false,
        false,
        false,
        false,
        false,
        false,
        false,
        false,
        false,
        false,
        false,
        false,
        false,
        false,
        false,
        false,
        false,
        false,
        false,
        false,
        false,
        false,
        false,
        false,
        false,
        false,
        false,
        false,
        false,
        false,
        false,
        false,
        false,
        false,
        false,
        false,
        false,
        false,
        false,
        false,
        false,
        false,
        false,
        false,
        false,
        false,
        false,
        false,
        false,
        false,
        false,
        false,
        false,
        false,
        false,
        false,
        false,
        false
    ],
    "light_hazard": false,
    "walker_hazard": [
        false,
        false,
        false,
        false,
        false,
        false,
        false,
        false,
        false,
        false,
        false,
        false,
        false,
        false,
        false,
        false,
        false,
        false,
        false,
        false,
        false,
        false,
        false,
        false,
        false,
        false,
        false,
        false,
        false,
        false,
        false,
        false,
        false,
        false,
        false,
        false,
        false,
        false,
        false,
        false,
        false,
        false,
        false,
        false,
        false,
        false,
        false,
        false,
        false,
        false,
        false,
        false,
        false,
        false,
        false,
        false,
        false,
        false,
        false,
        false,
        false,
        false,
        false,
        false,
        false,
        false,
        false,
        false,
        false,
        false,
        false,
        false,
        false,
        false,
        false,
        false,
        false,
        false,
        false,
        false
    ],
    "stop_sign_hazard": false,
    "angle": -0.0015853421009734048,
    "ego_matrix": [
        [
            0.9957976937294006,
            -0.09157995879650116,
            0.0002885836292989552,
            301.5398254394531
        ],
        [
            0.09157972037792206,
            0.9957975149154663,
            0.000751545128878206,
            45.39681625366211
        ],
        [
            -0.0003561973280739039,
            -0.0007219584658741951,
            0.9999997019767761,
            0.033594511449337006
        ],
        [
            0.0,
            0.0,
            0.0,
            1.0
        ]
    ]
}