{
    "x": -45.46858117233154,
    "y": 303.4633488022868,
    "theta": 1.6083391904830933,
    "speed": 4.1577797172885544,
    "target_speed": 4.0,
    "x_command": -45.316798836658776,
    "y_command": 332.3525395154904,
    "command": 4,
    "waypoints": [
        [
            -45.460201263427734,
            305.546142578125,
            1.573625438971219
        ],
        [
            -45.400325775146484,
            307.63555908203125,
            1.5472232981494114
        ],
        [
            -45.332942962646484,
            309.72882080078125,
            1.5410033709908282
        ],
        [
            -45.2889404296875,
            311.8250427246094,
            1.5495619468188806
        ],
        [
            -45.276451110839844,
            313.9219665527344,
            1.5631866212192258
        ],
        [
            -45.2878532409668,
            316.0188903808594,
            1.574482350323175
        ],
        [
            -45.308982849121094,
            318.11572265625,
            1.5797226841291916
        ],
        [
            -45.32741928100586,
            320.2126159667969,
            1.579256875928442
        ]
    ],
    "steer": -0.071,
    "throttle": 0.06669304636222054,
    "brake": false,
    "junction": false,
    "vehicle_hazard": [
        false,
        false,
        false,
        false,
        false,
        false,
        false,
        false,
        false,
        false,
        false,
        false,
        false,
        false,
        false,
        false,
        false,
        false,
        false,
        false,
        false,
        false,
        false,
        false,
        false,
        false,
        false,
        false,
        false,
        false,
        false,
        false,
        false,
        false,
        false,
        false,
        false,
        false,
        false,
        false,
        false,
        false,
        false,
        false,
        false,
        false,
        false,
        false,
        false,
        false,
        false,
        false,
        false,
        false,
        false,
        false,
        false,
        false,
        false,
        false,
        false,
        false,
        false,
        false,
        false,
        false,
        false,
        false,
        false,
        false,
        false,
        false,
        false,
        false,
        false,
        false,
        false,
        false,
        false,
        false
    ],
    "light_hazard": false,
    "walker_hazard": [
        false,
        false,
        false,
        false,
        false,
        false,
        false,
        false,
        false,
        false,
        false,
        false,
        false,
        false,
        false,
        false,
        false,
        false,
        false,
        false,
        false,
        false,
        false,
        false,
        false,
        false,
        false,
        false,
        false,
        false,
        false,
        false,
        false,
        false,
        false,
        false,
        false,
        false,
        false,
        false,
        false,
        false,
        false,
        false,
        false,
        false,
        false,
        false,
        false,
        false,
        false,
        false,
        false,
        false,
        false,
        false,
        false,
        false,
        false,
        false,
        false,
        false,
        false,
        false,
        false,
        false,
        false,
        false,
        false,
        false,
        false,
        false,
        false,
        false,
        false,
        false,
        false,
        false,
        false,
        false
    ],
    "stop_sign_hazard": false,
    "angle": -0.006420208034407077,
    "ego_matrix": [
        [
            0.9990670084953308,
            -0.04318378493189812,
            -0.0005763481021858752,
            303.4633483886719
        ],
        [
            0.04318421706557274,
            0.9990668296813965,
            0.0007570611196570098,
            45.46649169921875
        ],
        [
            0.0005431175231933594,
            -0.0007812438998371363,
            0.9999995827674866,
            0.033146895468235016
        ],
        [
            0.0,
            0.0,
            0.0,
            1.0
        ]
    ]
}