{
    "x": -45.442132660015176,
    "y": 305.41314738892873,
    "theta": 1.5628424882888794,
    "speed": 3.7222992509787773,
    "target_speed": 4.0,
    "x_command": -45.316798836658776,
    "y_command": 332.3525395154904,
    "command": 4,
    "waypoints": [
        [
            -45.38533020019531,
            307.3206481933594,
            1.547120674901281
        ],
        [
            -45.326927185058594,
            309.3001403808594,
            1.5432406822196307
        ],
        [
            -45.2904052734375,
            311.2996826171875,
            1.5518505759135321
        ],
        [
            -45.28172302246094,
            313.3056945800781,
            1.5644388910584974
        ],
        [
            -45.292720794677734,
            315.3155517578125,
            1.5743164192626549
        ],
        [
            -45.31129837036133,
            317.3262634277344,
            1.5788389146415975
        ],
        [
            -45.32712936401367,
            319.33709716796875,
            1.5783922213836017
        ],
        [
            -45.33458709716797,
            321.3479919433594,
            1.5749303566964388
        ]
    ],
    "steer": -0.047,
    "throttle": 0.75,
    "brake": false,
    "junction": false,
    "vehicle_hazard": [
        false,
        false,
        false,
        false,
        false,
        false,
        false,
        false,
        false,
        false,
        false,
        false,
        false,
        false,
        false,
        false,
        false,
        false,
        false,
        false,
        false,
        false,
        false,
        false,
        false,
        false,
        false,
        false,
        false,
        false,
        false,
        false,
        false,
        false,
        false,
        false,
        false,
        false,
        false,
        false,
        false,
        false,
        false,
        false,
        false,
        false,
        false,
        false,
        false,
        false,
        false,
        false,
        false,
        false,
        false,
        false,
        false,
        false,
        false,
        false,
        false,
        false,
        false,
        false,
        false,
        false,
        false,
        false,
        false,
        false,
        false,
        false,
        false,
        false,
        false,
        false,
        false,
        false,
        false,
        false
    ],
    "light_hazard": false,
    "walker_hazard": [
        false,
        false,
        false,
        false,
        false,
        false,
        false,
        false,
        false,
        false,
        false,
        false,
        false,
        false,
        false,
        false,
        false,
        false,
        false,
        false,
        false,
        false,
        false,
        false,
        false,
        false,
        false,
        false,
        false,
        false,
        false,
        false,
        false,
        false,
        false,
        false,
        false,
        false,
        false,
        false,
        false,
        false,
        false,
        false,
        false,
        false,
        false,
        false,
        false,
        false,
        false,
        false,
        false,
        false,
        false,
        false,
        false,
        false,
        false,
        false,
        false,
        false,
        false,
        false,
        false,
        false,
        false,
        false,
        false,
        false,
        false,
        false,
        false,
        false,
        false,
        false,
        false,
        false,
        false,
        false
    ],
    "stop_sign_hazard": false,
    "angle": -0.004918028374782708,
    "ego_matrix": [
        [
            0.9999905228614807,
            0.00434457091614604,
            0.0003251672605983913,
            305.41314697265625
        ],
        [
            -0.004344666376709938,
            0.9999905228614807,
            0.000292909680865705,
            45.44004440307617
        ],
        [
            -0.0003238916106056422,
            -0.0002943196159321815,
            0.9999998807907104,
            0.033578451722860336
        ],
        [
            0.0,
            0.0,
            0.0,
            1.0
        ]
    ]
}