{
    "x": -45.366968225282655,
    "y": 307.4154972451735,
    "theta": 1.538644552230835,
    "speed": 3.9636535722347315,
    "target_speed": 4.0,
    "x_command": -45.316798836658776,
    "y_command": 332.3525395154904,
    "command": 4,
    "waypoints": [
        [
            -45.30435562133789,
            309.4066162109375,
            1.541304795053144
        ],
        [
            -45.27300262451172,
            311.40802001953125,
            1.5537000996787003
        ],
        [
            -45.272979736328125,
            313.4132080078125,
            1.5682870982363442
        ],
        [
            -45.29235076904297,
            315.419921875,
            1.5783170266141044
        ],
        [
            -45.315818786621094,
            317.42681884765625,
            1.581437839974095
        ],
        [
            -45.332828521728516,
            319.4338073730469,
            1.5792643743913863
        ],
        [
            -45.338680267333984,
            321.44085693359375,
            1.5744158805271395
        ],
        [
            -45.33525848388672,
            323.4479064941406,
            1.5699017640277508
        ]
    ],
    "steer": -0.009,
    "throttle": 0.2631588859045805,
    "brake": false,
    "junction": false,
    "vehicle_hazard": [
        false,
        false,
        false,
        false,
        false,
        false,
        false,
        false,
        false,
        false,
        false,
        false,
        false,
        false,
        false,
        false,
        false,
        false,
        false,
        false,
        false,
        false,
        false,
        false,
        false,
        false,
        false,
        false,
        false,
        false,
        false,
        false,
        false,
        false,
        false,
        false,
        false,
        false,
        false,
        false,
        false,
        false,
        false,
        false,
        false,
        false,
        false,
        false,
        false,
        false,
        false,
        false,
        false,
        false,
        false,
        false,
        false,
        false,
        false,
        false,
        false,
        false,
        false,
        false,
        false,
        false,
        false,
        false,
        false,
        false,
        false,
        false,
        false,
        false,
        false,
        false,
        false,
        false,
        false,
        false
    ],
    "light_hazard": false,
    "walker_hazard": [
        false,
        false,
        false,
        false,
        false,
        false,
        false,
        false,
        false,
        false,
        false,
        false,
        false,
        false,
        false,
        false,
        false,
        false,
        false,
        false,
        false,
        false,
        false,
        false,
        false,
        false,
        false,
        false,
        false,
        false,
        false,
        false,
        false,
        false,
        false,
        false,
        false,
        false,
        false,
        false,
        false,
        false,
        false,
        false,
        false,
        false,
        false,
        false,
        false,
        false,
        false,
        false,
        false,
        false,
        false,
        false,
        false,
        false,
        false,
        false,
        false,
        false,
        false,
        false,
        false,
        false,
        false,
        false,
        false,
        false,
        false,
        false,
        false,
        false,
        false,
        false,
        false,
        false,
        false,
        false
    ],
    "stop_sign_hazard": false,
    "angle": -0.0020435429507636173,
    "ego_matrix": [
        [
            0.9995151162147522,
            0.031136905774474144,
            2.2479056497104466e-05,
            307.4154968261719
        ],
        [
            -0.031136905774474144,
            0.9995151162147522,
            -1.3489642697095405e-05,
            45.36488342285156
        ],
        [
            -2.2888181774760596e-05,
            1.2783173588104546e-05,
            1.0,
            0.03342868760228157
        ],
        [
            0.0,
            0.0,
            0.0,
            1.0
        ]
    ]
}