{
    "x": -45.304141091586615,
    "y": 309.3210148258957,
    "theta": 1.540890097618103,
    "speed": 4.051778226205308,
    "target_speed": 4.0,
    "x_command": -45.316798836658776,
    "y_command": 332.3525395154904,
    "command": 4,
    "waypoints": [
        [
            -45.269290924072266,
            311.34954833984375,
            1.5531751011622779
        ],
        [
            -45.26972198486328,
            313.3846435546875,
            1.5685443926270852
        ],
        [
            -45.290733337402344,
            315.42401123046875,
            1.5789633357592205
        ],
        [
            -45.31608200073242,
            317.46600341796875,
            1.5821382617437587
        ],
        [
            -45.33384704589844,
            319.50848388671875,
            1.5795293303116735
        ],
        [
            -45.33998489379883,
            321.5510559082031,
            1.5744816236755104
        ],
        [
            -45.336181640625,
            323.5935974121094,
            1.5697742105099364
        ],
        [
            -45.32759094238281,
            325.63616943359375,
            1.5671652788177768
        ]
    ],
    "steer": 0.016,
    "throttle": 0.025352458486713927,
    "brake": false,
    "junction": false,
    "vehicle_hazard": [
        false,
        false,
        false,
        false,
        false,
        false,
        false,
        false,
        false,
        false,
        false,
        false,
        false,
        false,
        false,
        false,
        false,
        false,
        false,
        false,
        false,
        false,
        false,
        false,
        false,
        false,
        false,
        false,
        false,
        false,
        false,
        false,
        false,
        false,
        false,
        false,
        false,
        false,
        false,
        false,
        false,
        false,
        false,
        false,
        false,
        false,
        false,
        false,
        false,
        false,
        false,
        false,
        false,
        false,
        false,
        false,
        false,
        false,
        false,
        false,
        false,
        false,
        false,
        false,
        false,
        false,
        false,
        false,
        false,
        false,
        false,
        false,
        false,
        false,
        false,
        false,
        false,
        false,
        false,
        false
    ],
    "light_hazard": false,
    "walker_hazard": [
        false,
        false,
        false,
        false,
        false,
        false,
        false,
        false,
        false,
        false,
        false,
        false,
        false,
        false,
        false,
        false,
        false,
        false,
        false,
        false,
        false,
        false,
        false,
        false,
        false,
        false,
        false,
        false,
        false,
        false,
        false,
        false,
        false,
        false,
        false,
        false,
        false,
        false,
        false,
        false,
        false,
        false,
        false,
        false,
        false,
        false,
        false,
        false,
        false,
        false,
        false,
        false,
        false,
        false,
        false,
        false,
        false,
        false,
        false,
        false,
        false,
        false,
        false,
        false,
        false,
        false,
        false,
        false,
        false,
        false,
        false,
        false,
        false,
        false,
        false,
        false,
        false,
        false,
        false,
        false
    ],
    "stop_sign_hazard": false,
    "angle": 0.0007123199851777244,
    "ego_matrix": [
        [
            0.9995172023773193,
            0.03106760047376156,
            -0.0004066444525960833,
            309.3210144042969
        ],
        [
            -0.031067701056599617,
            0.9995172023773193,
            -0.00023994999355636537,
            45.302059173583984
        ],
        [
            0.00039899349212646484,
            0.00025246766745112836,
            0.9999998807907104,
            0.03321880102157593
        ],
        [
            0.0,
            0.0,
            0.0,
            1.0
        ]
    ]
}