{
    "x": -45.276170445579424,
    "y": 311.2906498383459,
    "theta": 1.556660771369934,
    "speed": 3.6493238925926654,
    "target_speed": 4.0,
    "x_command": -45.316798836658776,
    "y_command": 332.3525395154904,
    "command": 4,
    "waypoints": [
        [
            -45.274227142333984,
            313.162841796875,
            1.5680296826509676
        ],
        [
            -45.29228973388672,
            315.1263427734375,
            1.5778290039047933
        ],
        [
            -45.31486892700195,
            317.12274169921875,
            1.5810407480914017
        ],
        [
            -45.33136749267578,
            319.1275939941406,
            1.5790355734836403
        ],
        [
            -45.33771514892578,
            321.1376953125,
            1.5745703121412966
        ],
        [
            -45.33522033691406,
            323.14947509765625,
            1.5703249118468257
        ],
        [
            -45.32785415649414,
            325.1614685058594,
            1.5676991671947833
        ],
        [
            -45.32005310058594,
            327.1734313964844,
            1.567140496075254
        ]
    ],
    "steer": 0.024,
    "throttle": 0.75,
    "brake": false,
    "junction": false,
    "vehicle_hazard": [
        false,
        false,
        false,
        false,
        false,
        false,
        false,
        false,
        false,
        false,
        false,
        false,
        false,
        false,
        false,
        false,
        false,
        false,
        false,
        false,
        false,
        false,
        false,
        false,
        false,
        false,
        false,
        false,
        false,
        false,
        false,
        false,
        false,
        false,
        false,
        false,
        false,
        false,
        false,
        false,
        false,
        false,
        false,
        false,
        false,
        false,
        false,
        false,
        false,
        false,
        false,
        false,
        false,
        false,
        false,
        false,
        false,
        false,
        false,
        false,
        false,
        false,
        false,
        false,
        false,
        false,
        false,
        false,
        false,
        false,
        false,
        false,
        false,
        false,
        false,
        false,
        false,
        false,
        false,
        false
    ],
    "light_hazard": false,
    "walker_hazard": [
        false,
        false,
        false,
        false,
        false,
        false,
        false,
        false,
        false,
        false,
        false,
        false,
        false,
        false,
        false,
        false,
        false,
        false,
        false,
        false,
        false,
        false,
        false,
        false,
        false,
        false,
        false,
        false,
        false,
        false,
        false,
        false,
        false,
        false,
        false,
        false,
        false,
        false,
        false,
        false,
        false,
        false,
        false,
        false,
        false,
        false,
        false,
        false,
        false,
        false,
        false,
        false,
        false,
        false,
        false,
        false,
        false,
        false,
        false,
        false,
        false,
        false,
        false,
        false,
        false,
        false,
        false,
        false,
        false,
        false,
        false,
        false,
        false,
        false,
        false,
        false,
        false,
        false,
        false,
        false
    ],
    "stop_sign_hazard": false,
    "angle": 0.0019053580615449135,
    "ego_matrix": [
        [
            0.9998735189437866,
            0.015896376222372055,
            0.0004920182982459664,
            311.2906494140625
        ],
        [
            -0.01589627005159855,
            0.9998736381530762,
            -0.00021877122344449162,
            45.27408981323242
        ],
        [
            -0.0004954338073730469,
            0.00021092229872010648,
            0.9999998807907104,
            0.033663902431726456
        ],
        [
            0.0,
            0.0,
            0.0,
            1.0
        ]
    ]
}