{
    "x": -45.28475009203266,
    "y": 313.2619328000171,
    "theta": 1.5734381675720215,
    "speed": 4.094299235034063,
    "target_speed": 4.0,
    "x_command": -45.316798836658776,
    "y_command": 332.3525395154904,
    "command": 4,
    "waypoints": [
        [
            -45.303104400634766,
            315.3119812011719,
            1.5792587458628402
        ],
        [
            -45.324302673339844,
            317.3679504394531,
            1.5804565192078603
        ],
        [
            -45.33679962158203,
            319.42779541015625,
            1.5770815461329706
        ],
        [
            -45.33843231201172,
            321.48956298828125,
            1.5722726730317227
        ],
        [
            -45.332515716552734,
            323.5513610839844,
            1.568608631505559
        ],
        [
            -45.32399368286133,
            325.6131896972656,
            1.5670628620686604
        ],
        [
            -45.31685256958008,
            327.6750183105469,
            1.5674063666769427
        ],
        [
            -45.44193649291992,
            329.726806640625,
            1.6425954493890556
        ]
    ],
    "steer": 0.015,
    "throttle": 0.05084149008953107,
    "brake": false,
    "junction": false,
    "vehicle_hazard": [
        false,
        false,
        false,
        false,
        false,
        false,
        false,
        false,
        false,
        false,
        false,
        false,
        false,
        false,
        false,
        false,
        false,
        false,
        false,
        false,
        false,
        false,
        false,
        false,
        false,
        false,
        false,
        false,
        false,
        false,
        false,
        false,
        false,
        false,
        false,
        false,
        false,
        false,
        false,
        false,
        false,
        false,
        false,
        false,
        false,
        false,
        false,
        false,
        false,
        false,
        false,
        false,
        false,
        false,
        false,
        false,
        false,
        false,
        false,
        false,
        false,
        false,
        false,
        false,
        false,
        false,
        false,
        false,
        false,
        false,
        false,
        false,
        false,
        false,
        false,
        false,
        false,
        false,
        false,
        false
    ],
    "light_hazard": false,
    "walker_hazard": [
        false,
        false,
        false,
        false,
        false,
        false,
        false,
        false,
        false,
        false,
        false,
        false,
        false,
        false,
        false,
        false,
        false,
        false,
        false,
        false,
        false,
        false,
        false,
        false,
        false,
        false,
        false,
        false,
        false,
        false,
        false,
        false,
        false,
        false,
        false,
        false,
        false,
        false,
        false,
        false,
        false,
        false,
        false,
        false,
        false,
        false,
        false,
        false,
        false,
        false,
        false,
        false,
        false,
        false,
        false,
        false,
        false,
        false,
        false,
        false,
        false,
        false,
        false,
        false,
        false,
        false,
        false,
        false,
        false,
        false,
        false,
        false,
        false,
        false,
        false,
        false,
        false,
        false,
        false,
        false
    ],
    "stop_sign_hazard": false,
    "angle": 0.2193281481908197,
    "ego_matrix": [
        [
            0.9999991655349731,
            -0.0012523673940449953,
            -0.00032428064150735736,
            313.2619323730469
        ],
        [
            0.001252313726581633,
            0.9999992251396179,
            -0.0001655222149565816,
            45.28266906738281
        ],
        [
            0.00032448768615722656,
            0.00016511596913915128,
            0.9999999403953552,
            0.033255767077207565
        ],
        [
            0.0,
            0.0,
            0.0,
            1.0
        ]
    ]
}