{
    "x": -45.309161460580015,
    "y": 315.17077679675947,
    "theta": 1.5814423561096191,
    "speed": 3.895060875283011,
    "target_speed": 4.0,
    "x_command": -45.316798836658776,
    "y_command": 332.3525395154904,
    "command": 4,
    "waypoints": [
        [
            -45.32783126831055,
            317.143310546875,
            1.5809640365684399
        ],
        [
            -45.33921813964844,
            319.1409912109375,
            1.5769134356496053
        ],
        [
            -45.339637756347656,
            321.1453552246094,
            1.5718489101368684
        ],
        [
            -45.33283996582031,
            323.1534729003906,
            1.5681690559616954
        ],
        [
            -45.323978424072266,
            325.1630554199219,
            1.5667740807394415
        ],
        [
            -45.31680679321289,
            327.1728210449219,
            1.567276324572929
        ],
        [
            -45.344234466552734,
            329.18017578125,
            1.5907130890962444
        ],
        [
            -45.76118087768555,
            331.1444091796875,
            1.752494387038647
        ]
    ],
    "steer": 0.003,
    "throttle": 0.5112241546083001,
    "brake": false,
    "junction": false,
    "vehicle_hazard": [
        false,
        false,
        false,
        false,
        false,
        false,
        false,
        false,
        false,
        false,
        false,
        false,
        false,
        false,
        false,
        false,
        false,
        false,
        false,
        false,
        false,
        false,
        false,
        false,
        false,
        false,
        false,
        false,
        false,
        false,
        false,
        false,
        false,
        false,
        false,
        false,
        false,
        false,
        false,
        false,
        false,
        false,
        false,
        false,
        false,
        false,
        false,
        false,
        false,
        false,
        false,
        false,
        false,
        false,
        false,
        false,
        false,
        false,
        false,
        false,
        false,
        false,
        false,
        false,
        false,
        false,
        false,
        false,
        false,
        false,
        false,
        false,
        false,
        false,
        false,
        false,
        false,
        false,
        false,
        false
    ],
    "light_hazard": false,
    "walker_hazard": [
        false,
        false,
        false,
        false,
        false,
        false,
        false,
        false,
        false,
        false,
        false,
        false,
        false,
        false,
        false,
        false,
        false,
        false,
        false,
        false,
        false,
        false,
        false,
        false,
        false,
        false,
        false,
        false,
        false,
        false,
        false,
        false,
        false,
        false,
        false,
        false,
        false,
        false,
        false,
        false,
        false,
        false,
        false,
        false,
        false,
        false,
        false,
        false,
        false,
        false,
        false,
        false,
        false,
        false,
        false,
        false,
        false,
        false,
        false,
        false,
        false,
        false,
        false,
        false,
        false,
        false,
        false,
        false,
        false,
        false,
        false,
        false,
        false,
        false,
        false,
        false,
        false,
        false,
        false,
        false
    ],
    "stop_sign_hazard": false,
    "angle": 0.1752506922836115,
    "ego_matrix": [
        [
            0.9999467134475708,
            -0.01032088603824377,
            -0.00011978245311183855,
            315.1707763671875
        ],
        [
            0.01032088603824377,
            0.9999467134475708,
            -2.8343088160909247e-06,
            45.30707931518555
        ],
        [
            0.00011980532872257754,
            1.5978966985130683e-06,
            1.0,
            0.03335777297616005
        ],
        [
            0.0,
            0.0,
            0.0,
            1.0
        ]
    ]
}