{
    "x": -45.33101686736329,
    "y": 317.1707767994854,
    "theta": 1.5806455612182617,
    "speed": 3.728868810871033,
    "target_speed": 4.0,
    "x_command": -45.316798836658776,
    "y_command": 332.3525395154904,
    "command": 4,
    "waypoints": [
        [
            -45.34001541137695,
            319.08221435546875,
            1.5771087738342247
        ],
        [
            -45.34040451049805,
            321.0634460449219,
            1.5718828057537093
        ],
        [
            -45.33338165283203,
            323.0630798339844,
            1.5680522633441791
        ],
        [
            -45.32417678833008,
            325.06805419921875,
            1.5666051562234384
        ],
        [
            -45.31682205200195,
            327.07635498046875,
            1.5671629183832012
        ],
        [
            -45.34383773803711,
            329.083251953125,
            1.5904304424002083
        ],
        [
            -45.75621032714844,
            331.0480651855469,
            1.7504610302568577
        ],
        [
            -46.4218635559082,
            332.94268798828125,
            1.885444848135637
        ]
    ],
    "steer": -0.005,
    "throttle": 0.75,
    "brake": false,
    "junction": false,
    "vehicle_hazard": [
        false,
        false,
        false,
        false,
        false,
        false,
        false,
        false,
        false,
        false,
        false,
        false,
        false,
        false,
        false,
        false,
        false,
        false,
        false,
        false,
        false,
        false,
        false,
        false,
        false,
        false,
        false,
        false,
        false,
        false,
        false,
        false,
        false,
        false,
        false,
        false,
        false,
        false,
        false,
        false,
        false,
        false,
        false,
        false,
        false,
        false,
        false,
        false,
        false,
        false,
        false,
        false,
        false,
        false,
        false,
        false,
        false,
        false,
        false,
        false,
        false,
        false,
        false,
        false,
        false,
        false,
        false,
        false,
        false,
        false,
        false,
        false,
        false,
        false,
        false,
        false,
        false,
        false,
        false,
        false
    ],
    "light_hazard": false,
    "walker_hazard": [
        false,
        false,
        false,
        false,
        false,
        false,
        false,
        false,
        false,
        false,
        false,
        false,
        false,
        false,
        false,
        false,
        false,
        false,
        false,
        false,
        false,
        false,
        false,
        false,
        false,
        false,
        false,
        false,
        false,
        false,
        false,
        false,
        false,
        false,
        false,
        false,
        false,
        false,
        false,
        false,
        false,
        false,
        false,
        false,
        false,
        false,
        false,
        false,
        false,
        false,
        false,
        false,
        false,
        false,
        false,
        false,
        false,
        false,
        false,
        false,
        false,
        false,
        false,
        false,
        false,
        false,
        false,
        false,
        false,
        false,
        false,
        false,
        false,
        false,
        false,
        false,
        false,
        false,
        false,
        false
    ],
    "stop_sign_hazard": false,
    "angle": 0.11606299504168034,
    "ego_matrix": [
        [
            0.9999473094940186,
            -0.01025544386357069,
            0.0004226109595037997,
            317.1707763671875
        ],
        [
            0.010255410335958004,
            0.9999474287033081,
            8.216396963689476e-05,
            45.32893371582031
        ],
        [
            -0.00042343136738054454,
            -7.782558532198891e-05,
            0.9999998807907104,
            0.0336281955242157
        ],
        [
            0.0,
            0.0,
            0.0,
            1.0
        ]
    ]
}