{
    "x": -45.3405120844764,
    "y": 319.1098026810345,
    "theta": 1.5755258798599243,
    "speed": 4.14731797862499,
    "target_speed": 4.0,
    "x_command": -45.316798836658776,
    "y_command": 332.3525395154904,
    "command": 4,
    "waypoints": [
        [
            -45.33816146850586,
            321.18658447265625,
            1.571350464948975
        ],
        [
            -45.330936431884766,
            323.2694396972656,
            1.5679386236077073
        ],
        [
            -45.32209396362305,
            325.3562316894531,
            1.566895929461914
        ],
        [
            -45.31547546386719,
            327.44525146484375,
            1.5676500482573539
        ],
        [
            -45.40716552734375,
            329.5273132324219,
            1.6267748951603584
        ],
        [
            -45.9017333984375,
            331.5553283691406,
            1.786891176466865
        ],
        [
            -46.65411376953125,
            333.5030822753906,
            1.9199700019283972
        ],
        [
            -47.614646911621094,
            335.3570556640625,
            2.0342791676326732
        ]
    ],
    "steer": -0.008,
    "throttle": 0.055557309112543085,
    "brake": false,
    "junction": false,
    "vehicle_hazard": [
        false,
        false,
        false,
        false,
        false,
        false,
        false,
        false,
        false,
        false,
        false,
        false,
        false,
        false,
        false,
        false,
        false,
        false,
        false,
        false,
        false,
        false,
        false,
        false,
        false,
        false,
        false,
        false,
        false,
        false,
        false,
        false,
        false,
        false,
        false,
        false,
        false,
        false,
        false,
        false,
        false,
        false,
        false,
        false,
        false,
        false,
        false,
        false,
        false,
        false,
        false,
        false,
        false,
        false,
        false,
        false,
        false,
        false,
        false,
        false,
        false,
        false,
        false,
        false,
        false,
        false,
        false,
        false,
        false,
        false,
        false,
        false,
        false,
        false,
        false,
        false,
        false,
        false,
        false,
        false
    ],
    "light_hazard": false,
    "walker_hazard": [
        false,
        false,
        false,
        false,
        false,
        false,
        false,
        false,
        false,
        false,
        false,
        false,
        false,
        false,
        false,
        false,
        false,
        false,
        false,
        false,
        false,
        false,
        false,
        false,
        false,
        false,
        false,
        false,
        false,
        false,
        false,
        false,
        false,
        false,
        false,
        false,
        false,
        false,
        false,
        false,
        false,
        false,
        false,
        false,
        false,
        false,
        false,
        false,
        false,
        false,
        false,
        false,
        false,
        false,
        false,
        false,
        false,
        false,
        false,
        false,
        false,
        false,
        false,
        false,
        false,
        false,
        false,
        false,
        false,
        false,
        false,
        false,
        false,
        false,
        false,
        false,
        false,
        false,
        false,
        false
    ],
    "stop_sign_hazard": false,
    "angle": 0.08126317779176229,
    "ego_matrix": [
        [
            0.9999850988388062,
            -0.005435722414404154,
            -0.000508387980517,
            319.10980224609375
        ],
        [
            0.005435774568468332,
            0.9999852180480957,
            0.00010099553765030578,
            45.33842849731445
        ],
        [
            0.0005078315152786672,
            -0.00010375751298852265,
            0.9999998807907104,
            0.03316463530063629
        ],
        [
            0.0,
            0.0,
            0.0,
            1.0
        ]
    ]
}