{
    "x": -45.33769289235076,
    "y": 321.03622480280086,
    "theta": 1.569962739944458,
    "speed": 3.7697409615662414,
    "target_speed": 4.0,
    "x_command": -45.316798836658776,
    "y_command": 332.3525395154904,
    "command": 4,
    "waypoints": [
        [
            -45.32878494262695,
            322.9662170410156,
            1.5678756029173728
        ],
        [
            -45.320858001708984,
            324.95367431640625,
            1.5671052531433713
        ],
        [
            -45.315399169921875,
            326.955078125,
            1.5679946303535655
        ],
        [
            -45.31330871582031,
            328.9618225097656,
            1.5695549287126043
        ],
        [
            -45.707275390625,
            330.9310607910156,
            1.737734582355696
        ],
        [
            -46.35667037963867,
            332.83233642578125,
            1.8762286795777952
        ],
        [
            -47.2112922668457,
            334.65118408203125,
            1.9902863762961407
        ],
        [
            -48.250858306884766,
            336.3711242675781,
            2.095889268922784
        ]
    ],
    "steer": -0.006,
    "throttle": 0.75,
    "brake": false,
    "junction": false,
    "vehicle_hazard": [
        false,
        false,
        false,
        false,
        false,
        false,
        false,
        false,
        false,
        false,
        false,
        false,
        false,
        false,
        false,
        false,
        false,
        false,
        false,
        false,
        false,
        false,
        false,
        false,
        false,
        false,
        false,
        false,
        false,
        false,
        false,
        false,
        false,
        false,
        false,
        false,
        false,
        false,
        false,
        false,
        false,
        false,
        false,
        false,
        false,
        false,
        false,
        false,
        false,
        false,
        false,
        false,
        false,
        false,
        false,
        false,
        false,
        false,
        false,
        false,
        false,
        false,
        false,
        false,
        false,
        false,
        false,
        false,
        false,
        false,
        false,
        false,
        false,
        false,
        false,
        false,
        false,
        false,
        false,
        false
    ],
    "light_hazard": false,
    "walker_hazard": [
        false,
        false,
        false,
        false,
        false,
        false,
        false,
        false,
        false,
        false,
        false,
        false,
        false,
        false,
        false,
        false,
        false,
        false,
        false,
        false,
        false,
        false,
        false,
        false,
        false,
        false,
        false,
        false,
        false,
        false,
        false,
        false,
        false,
        false,
        false,
        false,
        false,
        false,
        false,
        false,
        false,
        false,
        false,
        false,
        false,
        false,
        false,
        false,
        false,
        false,
        false,
        false,
        false,
        false,
        false,
        false,
        false,
        false,
        false,
        false,
        false,
        false,
        false,
        false,
        false,
        false,
        false,
        false,
        false,
        false,
        false,
        false,
        false,
        false,
        false,
        false,
        false,
        false,
        false,
        false
    ],
    "stop_sign_hazard": false,
    "angle": 0.04528706659426125,
    "ego_matrix": [
        [
            0.9999999403953552,
            0.000257255625911057,
            0.00015879611601121724,
            321.0362243652344
        ],
        [
            -0.00025726138846948743,
            0.9999999403953552,
            3.633231608546339e-05,
            45.335609436035156
        ],
        [
            -0.00015878677368164062,
            -3.637317058746703e-05,
            1.0,
            0.03349620848894119
        ],
        [
            0.0,
            0.0,
            0.0,
            1.0
        ]
    ]
}