{
    "x": -45.327163847164385,
    "y": 323.0464481942126,
    "theta": 1.566151738166809,
    "speed": 3.886179054757776,
    "target_speed": 4.0,
    "x_command": -45.316798836658776,
    "y_command": 332.3525395154904,
    "command": 4,
    "waypoints": [
        [
            -45.316627502441406,
            325.01727294921875,
            1.566643662047805
        ],
        [
            -45.31192398071289,
            327.0138854980469,
            1.5682517837840222
        ],
        [
            -45.311134338378906,
            329.0162658691406,
            1.5700865313613852
        ],
        [
            -45.70745086669922,
            330.9798889160156,
            1.7390021305212762
        ],
        [
            -46.35979080200195,
            332.8751220703125,
            1.8782215896005288
        ],
        [
            -47.217891693115234,
            334.687255859375,
            1.9929618545062615
        ],
        [
            -48.25934600830078,
            336.40069580078125,
            2.098213176579501
        ],
        [
            -49.39707946777344,
            338.05255126953125,
            2.1601736500005257
        ]
    ],
    "steer": -0.001,
    "throttle": 0.7044282820667496,
    "brake": false,
    "junction": false,
    "vehicle_hazard": [
        false,
        false,
        false,
        false,
        false,
        false,
        false,
        false,
        false,
        false,
        false,
        false,
        false,
        false,
        false,
        false,
        false,
        false,
        false,
        false,
        false,
        false,
        false,
        false,
        false,
        false,
        false,
        false,
        false,
        false,
        false,
        false,
        false,
        false,
        false,
        false,
        false,
        false,
        false,
        false,
        false,
        false,
        false,
        false,
        false,
        false,
        false,
        false,
        false,
        false,
        false,
        false,
        false,
        false,
        false,
        false,
        false,
        false,
        false,
        false,
        false,
        false,
        false,
        false,
        false,
        false,
        false,
        false,
        false,
        false,
        false,
        false,
        false,
        false,
        false,
        false,
        false,
        false,
        false,
        false
    ],
    "light_hazard": false,
    "walker_hazard": [
        false,
        false,
        false,
        false,
        false,
        false,
        false,
        false,
        false,
        false,
        false,
        false,
        false,
        false,
        false,
        false,
        false,
        false,
        false,
        false,
        false,
        false,
        false,
        false,
        false,
        false,
        false,
        false,
        false,
        false,
        false,
        false,
        false,
        false,
        false,
        false,
        false,
        false,
        false,
        false,
        false,
        false,
        false,
        false,
        false,
        false,
        false,
        false,
        false,
        false,
        false,
        false,
        false,
        false,
        false,
        false,
        false,
        false,
        false,
        false,
        false,
        false,
        false,
        false,
        false,
        false,
        false,
        false,
        false,
        false,
        false,
        false,
        false,
        false,
        false,
        false,
        false,
        false,
        false,
        false
    ],
    "stop_sign_hazard": false,
    "angle": 0.003837853531584799,
    "ego_matrix": [
        [
            0.9999904036521912,
            0.00438621174544096,
            0.00017739793111104518,
            323.04644775390625
        ],
        [
            -0.004386212211102247,
            0.9999904036521912,
            2.9168431865400635e-06,
            45.32508087158203
        ],
        [
            -0.0001773834228515625,
            -3.6949199966329616e-06,
            1.0,
            0.033505629748106
        ],
        [
            0.0,
            0.0,
            0.0,
            1.0
        ]
    ]
}