{
    "x": -45.318114967900335,
    "y": 324.9583439487716,
    "theta": 1.566503882408142,
    "speed": 4.115908545644735,
    "target_speed": 4.0,
    "x_command": -48.81452198154898,
    "y_command": 337.35424850668267,
    "command": 6,
    "waypoints": [
        [
            -45.31103515625,
            327.0196228027344,
            1.5681996635888797
        ],
        [
            -45.34197235107422,
            329.08477783203125,
            1.5924557035884026
        ],
        [
            -45.77351760864258,
            331.1092834472656,
            1.7563195352465981
        ],
        [
            -46.47083282470703,
            333.06158447265625,
            1.8932645881758958
        ],
        [
            -47.37770462036133,
            334.9264831542969,
            2.0073541429587816
        ],
        [
            -48.47231674194336,
            336.68829345703125,
            2.109902855868295
        ],
        [
            -49.65337371826172,
            338.3939514160156,
            2.1650717358773997
        ],
        [
            -50.84006881713867,
            340.0953063964844,
            2.172449957098437
        ]
    ],
    "steer": 0.002,
    "throttle": 0.060101884694624,
    "brake": false,
    "junction": false,
    "vehicle_hazard": [
        false,
        false,
        false,
        false,
        false,
        false,
        false,
        false,
        false,
        false,
        false,
        false,
        false,
        false,
        false,
        false,
        false,
        false,
        false,
        false,
        false,
        false,
        false,
        false,
        false,
        false,
        false,
        false,
        false,
        false,
        false,
        false,
        false,
        false,
        false,
        false,
        false,
        false,
        false,
        false,
        false,
        false,
        false,
        false,
        false,
        false,
        false,
        false,
        false,
        false,
        false,
        false,
        false,
        false,
        false,
        false,
        false,
        false,
        false,
        false,
        false,
        false,
        false,
        false,
        false,
        false,
        false,
        false,
        false,
        false,
        false,
        false,
        false,
        false,
        false,
        false,
        false,
        false,
        false,
        false
    ],
    "light_hazard": false,
    "walker_hazard": [
        false,
        false,
        false,
        false,
        false,
        false,
        false,
        false,
        false,
        false,
        false,
        false,
        false,
        false,
        false,
        false,
        false,
        false,
        false,
        false,
        false,
        false,
        false,
        false,
        false,
        false,
        false,
        false,
        false,
        false,
        false,
        false,
        false,
        false,
        false,
        false,
        false,
        false,
        false,
        false,
        false,
        false,
        false,
        false,
        false,
        false,
        false,
        false,
        false,
        false,
        false,
        false,
        false,
        false,
        false,
        false,
        false,
        false,
        false,
        false,
        false,
        false,
        false,
        false,
        false,
        false,
        false,
        false,
        false,
        false,
        false,
        false,
        false,
        false,
        false,
        false,
        false,
        false,
        false,
        false
    ],
    "stop_sign_hazard": false,
    "angle": -0.11311009173377123,
    "ego_matrix": [
        [
            0.9999900460243225,
            0.0044389329850673676,
            -0.0004968111170455813,
            324.9583435058594
        ],
        [
            -0.0044389404356479645,
            0.9999901652336121,
            -1.3773788850812707e-05,
            45.31603240966797
        ],
        [
            0.0004967450513504446,
            1.597896516614128e-05,
            0.9999998807907104,
            0.033170126378536224
        ],
        [
            0.0,
            0.0,
            0.0,
            1.0
        ]
    ]
}