{
    "x": -45.313796532299584,
    "y": 326.9227299377772,
    "theta": 1.5687425136566162,
    "speed": 3.6970720191190956,
    "target_speed": 4.0,
    "x_command": -48.81452198154898,
    "y_command": 337.35424850668267,
    "command": 6,
    "waypoints": [
        [
            -45.310813903808594,
            328.8187561035156,
            1.5700077796203606
        ],
        [
            -45.649688720703125,
            330.7606506347656,
            1.721926391020122
        ],
        [
            -46.273616790771484,
            332.6583251953125,
            1.8636477068511792
        ],
        [
            -47.1109619140625,
            334.4798583984375,
            1.9811449094068756
        ],
        [
            -48.135986328125,
            336.207763671875,
            2.0882219282759054
        ],
        [
            -49.27072525024414,
            337.86798095703125,
            2.15564048377202
        ],
        [
            -50.4339599609375,
            339.50860595703125,
            2.180823801093
        ],
        [
            -51.441139221191406,
            341.2456359863281,
            2.096394936634763
        ]
    ],
    "steer": 0.002,
    "throttle": 0.75,
    "brake": false,
    "junction": false,
    "vehicle_hazard": [
        false,
        false,
        false,
        false,
        false,
        false,
        false,
        false,
        false,
        false,
        false,
        false,
        false,
        false,
        false,
        false,
        false,
        false,
        false,
        false,
        false,
        false,
        false,
        false,
        false,
        false,
        false,
        false,
        false,
        false,
        false,
        false,
        false,
        false,
        false,
        false,
        false,
        false,
        false,
        false,
        false,
        false,
        false,
        false,
        false,
        false,
        false,
        false,
        false,
        false,
        false,
        false,
        false,
        false,
        false,
        false,
        false,
        false,
        false,
        false,
        false,
        false,
        false,
        false,
        false,
        false,
        false,
        false,
        false,
        false,
        false,
        false,
        false,
        false,
        false,
        false,
        false,
        false,
        false,
        false
    ],
    "light_hazard": false,
    "walker_hazard": [
        false,
        false,
        false,
        false,
        false,
        false,
        false,
        false,
        false,
        false,
        false,
        false,
        false,
        false,
        false,
        false,
        false,
        false,
        false,
        false,
        false,
        false,
        false,
        false,
        false,
        false,
        false,
        false,
        false,
        false,
        false,
        false,
        false,
        false,
        false,
        false,
        false,
        false,
        false,
        false,
        false,
        false,
        false,
        false,
        false,
        false,
        false,
        false,
        false,
        false,
        false,
        false,
        false,
        false,
        false,
        false,
        false,
        false,
        false,
        false,
        false,
        false,
        false,
        false,
        false,
        false,
        false,
        false,
        false,
        false,
        false,
        false,
        false,
        false,
        false,
        false,
        false,
        false,
        false,
        false
    ],
    "stop_sign_hazard": false,
    "angle": -0.20186926079490783,
    "ego_matrix": [
        [
            0.9999971389770508,
            0.002369688358157873,
            0.000403701385948807,
            326.9227294921875
        ],
        [
            -0.0023696781136095524,
            0.9999971985816956,
            -2.5990426365751773e-05,
            45.31171417236328
        ],
        [
            -0.00040376183460466564,
            2.5033710699062794e-05,
            0.9999999403953552,
            0.033618390560150146
        ],
        [
            0.0,
            0.0,
            0.0,
            1.0
        ]
    ]
}