{
    "x": -45.31414749978693,
    "y": 328.9136357022095,
    "theta": 1.570712685585022,
    "speed": 3.9952156934937917,
    "target_speed": 4.0,
    "x_command": -48.81452198154898,
    "y_command": 337.35424850668267,
    "command": 6,
    "waypoints": [
        [
            -45.70309066772461,
            330.8745422363281,
            1.736907354586847
        ],
        [
            -46.34742736816406,
            332.7735900878906,
            1.874197020561201
        ],
        [
            -47.19572830200195,
            334.5949401855469,
            1.9870601896621052
        ],
        [
            -48.230438232421875,
            336.3190612792969,
            2.0928314273591555
        ],
        [
            -49.363773345947266,
            337.9808349609375,
            2.1555819608070657
        ],
        [
            -50.52243423461914,
            339.6251220703125,
            2.178424426108893
        ],
        [
            -51.50310134887695,
            341.3778381347656,
            2.084057609858376
        ],
        [
            -52.148414611816406,
            343.2799987792969,
            1.920696745300366
        ]
    ],
    "steer": 0.394,
    "throttle": 0.0753465867555948,
    "brake": false,
    "junction": false,
    "vehicle_hazard": [
        false,
        false,
        false,
        false,
        false,
        false,
        false,
        false,
        false,
        false,
        false,
        false,
        false,
        false,
        false,
        false,
        false,
        false,
        false,
        false,
        false,
        false,
        false,
        false,
        false,
        false,
        false,
        false,
        false,
        false,
        false,
        false,
        false,
        false,
        false,
        false,
        false,
        false,
        false,
        false,
        false,
        false,
        false,
        false,
        false,
        false,
        false,
        false,
        false,
        false,
        false,
        false,
        false,
        false,
        false,
        false,
        false,
        false,
        false,
        false,
        false,
        false,
        false,
        false,
        false,
        false,
        false,
        false,
        false,
        false,
        false,
        false,
        false,
        false,
        false,
        false,
        false,
        false,
        false,
        false
    ],
    "light_hazard": false,
    "walker_hazard": [
        false,
        false,
        false,
        false,
        false,
        false,
        false,
        false,
        false,
        false,
        false,
        false,
        false,
        false,
        false,
        false,
        false,
        false,
        false,
        false,
        false,
        false,
        false,
        false,
        false,
        false,
        false,
        false,
        false,
        false,
        false,
        false,
        false,
        false,
        false,
        false,
        false,
        false,
        false,
        false,
        false,
        false,
        false,
        false,
        false,
        false,
        false,
        false,
        false,
        false,
        false,
        false,
        false,
        false,
        false,
        false,
        false,
        false,
        false,
        false,
        false,
        false,
        false,
        false,
        false,
        false,
        false,
        false,
        false,
        false,
        false,
        false,
        false,
        false,
        false,
        false,
        false,
        false,
        false,
        false
    ],
    "stop_sign_hazard": false,
    "angle": -0.1975572788394644,
    "ego_matrix": [
        [
            0.9999999403953552,
            0.00027164211496710777,
            -7.689114136155695e-05,
            328.91363525390625
        ],
        [
            -0.0002716424351092428,
            0.9999999403953552,
            -4.240170255798148e-06,
            45.31206512451172
        ],
        [
            7.68899917602539e-05,
            4.261057256371714e-06,
            1.0,
            0.033379096537828445
        ],
        [
            0.0,
            0.0,
            0.0,
            1.0
        ]
    ]
}