{
    "x": -45.6276804337193,
    "y": 330.72912642734025,
    "theta": 1.7471245527267456,
    "speed": 3.841460178594105,
    "target_speed": 4.0,
    "x_command": -48.81452198154898,
    "y_command": 337.35424850668267,
    "command": 6,
    "waypoints": [
        [
            -46.24323272705078,
            332.5852966308594,
            1.865933431435767
        ],
        [
            -47.07933044433594,
            334.3953857421875,
            1.9825566843902402
        ],
        [
            -48.103065490722656,
            336.1167297363281,
            2.089186092459055
        ],
        [
            -49.232627868652344,
            337.7774353027344,
            2.153839521084854
        ],
        [
            -50.38990020751953,
            339.4215393066406,
            2.1776748128410635
        ],
        [
            -51.41745376586914,
            341.146484375,
            2.1056828773839826
        ],
        [
            -52.10596466064453,
            343.032958984375,
            1.9438139822476626
        ],
        [
            -52.45186996459961,
            345.01165771484375,
            1.7720886114036616
        ]
    ],
    "steer": 0.26,
    "throttle": 0.75,
    "brake": false,
    "junction": false,
    "vehicle_hazard": [
        false,
        false,
        false,
        false,
        false,
        false,
        false,
        false,
        false,
        false,
        false,
        false,
        false,
        false,
        false,
        false,
        false,
        false,
        false,
        false,
        false,
        false,
        false,
        false,
        false,
        false,
        false,
        false,
        false,
        false,
        false,
        false,
        false,
        false,
        false,
        false,
        false,
        false,
        false,
        false,
        false,
        false,
        false,
        false,
        false,
        false,
        false,
        false,
        false,
        false,
        false,
        false,
        false,
        false,
        false,
        false,
        false,
        false,
        false,
        false,
        false,
        false,
        false,
        false,
        false,
        false,
        false,
        false,
        false,
        false,
        false,
        false,
        false,
        false,
        false,
        false,
        false,
        false,
        false,
        false
    ],
    "light_hazard": false,
    "walker_hazard": [
        false,
        false,
        false,
        false,
        false,
        false,
        false,
        false,
        false,
        false,
        false,
        false,
        false,
        false,
        false,
        false,
        false,
        false,
        false,
        false,
        false,
        false,
        false,
        false,
        false,
        false,
        false,
        false,
        false,
        false,
        false,
        false,
        false,
        false,
        false,
        false,
        false,
        false,
        false,
        false,
        false,
        false,
        false,
        false,
        false,
        false,
        false,
        false,
        false,
        false,
        false,
        false,
        false,
        false,
        false,
        false,
        false,
        false,
        false,
        false,
        false,
        false,
        false,
        false,
        false,
        false,
        false,
        false,
        false,
        false,
        false,
        false,
        false,
        false,
        false,
        false,
        false,
        false,
        false,
        false
    ],
    "stop_sign_hazard": false,
    "angle": -0.14909851803895469,
    "ego_matrix": [
        [
            0.9877974390983582,
            -0.15574409067630768,
            0.00026778559549711645,
            330.7291259765625
        ],
        [
            0.1557442545890808,
            0.9877939820289612,
            -0.0026123165152966976,
            45.62558364868164
        ],
        [
            0.00014233587717171758,
            0.0026221456937491894,
            0.999996542930603,
            0.033346403390169144
        ],
        [
            0.0,
            0.0,
            0.0,
            1.0
        ]
    ]
}