{
    "x": -46.35099171848705,
    "y": 332.6399845842416,
    "theta": 1.9173099994659424,
    "speed": 3.857783978317642,
    "target_speed": 4.0,
    "x_command": -52.312248939102105,
    "y_command": 342.3559269802967,
    "command": 6,
    "waypoints": [
        [
            -47.186988830566406,
            334.413818359375,
            1.9949021338079524
        ],
        [
            -48.19781494140625,
            336.1327819824219,
            2.087211391800275
        ],
        [
            -49.30409240722656,
            337.8017272949219,
            2.1434481328274737
        ],
        [
            -50.4338264465332,
            339.4580078125,
            2.1639872301024923
        ],
        [
            -51.4232177734375,
            341.1997985839844,
            2.0866539588946074
        ],
        [
            -52.08961868286133,
            343.0894470214844,
            1.9315045187941802
        ],
        [
            -52.42881393432617,
            345.0649719238281,
            1.767948144922645
        ],
        [
            -52.50446319580078,
            347.0689697265625,
            1.633164892202273
        ]
    ],
    "steer": 0.174,
    "throttle": 0.75,
    "brake": false,
    "junction": false,
    "vehicle_hazard": [
        false,
        false,
        false,
        false,
        false,
        false,
        false,
        false,
        false,
        false,
        false,
        false,
        false,
        false,
        false,
        false,
        false,
        false,
        false,
        false,
        false,
        false,
        false,
        false,
        false,
        false,
        false,
        false,
        false,
        false,
        false,
        false,
        false,
        false,
        false,
        false,
        false,
        false,
        false,
        false,
        false,
        false,
        false,
        false,
        false,
        false,
        false,
        false,
        false,
        false,
        false,
        false,
        false,
        false,
        false,
        false,
        false,
        false,
        false,
        false,
        false,
        false,
        false,
        false,
        false,
        false,
        false,
        false,
        false,
        false,
        false,
        false,
        false,
        false,
        false,
        false,
        false,
        false,
        false,
        false
    ],
    "light_hazard": false,
    "walker_hazard": [
        false,
        false,
        false,
        false,
        false,
        false,
        false,
        false,
        false,
        false,
        false,
        false,
        false,
        false,
        false,
        false,
        false,
        false,
        false,
        false,
        false,
        false,
        false,
        false,
        false,
        false,
        false,
        false,
        false,
        false,
        false,
        false,
        false,
        false,
        false,
        false,
        false,
        false,
        false,
        false,
        false,
        false,
        false,
        false,
        false,
        false,
        false,
        false,
        false,
        false,
        false,
        false,
        false,
        false,
        false,
        false,
        false,
        false,
        false,
        false,
        false,
        false,
        false,
        false,
        false,
        false,
        false,
        false,
        false,
        false,
        false,
        false,
        false,
        false,
        false,
        false,
        false,
        false,
        false,
        false
    ],
    "stop_sign_hazard": false,
    "angle": -0.06887927488625958,
    "ego_matrix": [
        [
            0.945012092590332,
            -0.32703453302383423,
            0.0007930850842967629,
            332.6399841308594
        ],
        [
            0.32703524827957153,
            0.945011556148529,
            -0.0011092395288869739,
            46.34886169433594
        ],
        [
            -0.0003867149061989039,
            0.0013076114701107144,
            0.9999991059303284,
            0.03360996022820473
        ],
        [
            0.0,
            0.0,
            0.0,
            1.0
        ]
    ]
}