{
    "x": -47.221900422466035,
    "y": 334.3581852701772,
    "theta": 2.0248537063598633,
    "speed": 4.137652814803844,
    "target_speed": 4.0,
    "x_command": -52.312248939102105,
    "y_command": 342.3559269802967,
    "command": 6,
    "waypoints": [
        [
            -48.279441833496094,
            336.13800048828125,
            2.0972824683575455
        ],
        [
            -49.42466354370117,
            337.8728332519531,
            2.144244884046598
        ],
        [
            -50.58163833618164,
            339.60467529296875,
            2.1561548067575416
        ],
        [
            -51.55283737182617,
            341.4462585449219,
            2.057918916785843
        ],
        [
            -52.18088150024414,
            343.43182373046875,
            1.8959113042462439
        ],
        [
            -52.4698486328125,
            345.49517822265625,
            1.7331538287674622
        ],
        [
            -52.50029373168945,
            347.5794982910156,
            1.6059105177253223
        ],
        [
            -52.38920974731445,
            349.6618347167969,
            1.5322428672149042
        ]
    ],
    "steer": 0.104,
    "throttle": 0.057161554084008734,
    "brake": false,
    "junction": false,
    "vehicle_hazard": [
        false,
        false,
        false,
        false,
        false,
        false,
        false,
        false,
        false,
        false,
        false,
        false,
        false,
        false,
        false,
        false,
        false,
        false,
        false,
        false,
        false,
        false,
        false,
        false,
        false,
        false,
        false,
        false,
        false,
        false,
        false,
        false,
        false,
        false,
        false,
        false,
        false,
        false,
        false,
        false,
        false,
        false,
        false,
        false,
        false,
        false,
        false,
        false,
        false,
        false,
        false,
        false,
        false,
        false,
        false,
        false,
        false,
        false,
        false,
        false,
        false,
        false,
        false,
        false,
        false,
        false,
        false,
        false,
        false,
        false,
        false,
        false,
        false,
        false,
        false,
        false,
        false,
        false,
        false,
        false
    ],
    "light_hazard": false,
    "walker_hazard": [
        false,
        false,
        false,
        false,
        false,
        false,
        false,
        false,
        false,
        false,
        false,
        false,
        false,
        false,
        false,
        false,
        false,
        false,
        false,
        false,
        false,
        false,
        false,
        false,
        false,
        false,
        false,
        false,
        false,
        false,
        false,
        false,
        false,
        false,
        false,
        false,
        false,
        false,
        false,
        false,
        false,
        false,
        false,
        false,
        false,
        false,
        false,
        false,
        false,
        false,
        false,
        false,
        false,
        false,
        false,
        false,
        false,
        false,
        false,
        false,
        false,
        false,
        false,
        false,
        false,
        false,
        false,
        false,
        false,
        false,
        false,
        false,
        false,
        false,
        false,
        false,
        false,
        false,
        false,
        false
    ],
    "stop_sign_hazard": false,
    "angle": 0.010360091098042723,
    "ego_matrix": [
        [
            0.9026013612747192,
            -0.4304773807525635,
            -7.255893433466554e-05,
            334.3581848144531
        ],
        [
            0.430477112531662,
            0.9026010036468506,
            -0.0009433716186322272,
            47.219730377197266
        ],
        [
            0.0004715918912552297,
            0.0008202535100281239,
            0.9999995231628418,
            0.03318282961845398
        ],
        [
            0.0,
            0.0,
            0.0,
            1.0
        ]
    ]
}