{
    "x": -48.24794473554633,
    "y": 336.01944015525396,
    "theta": 2.1180014610290527,
    "speed": 3.758952478669802,
    "target_speed": 4.0,
    "x_command": -52.312248939102105,
    "y_command": 342.3559269802967,
    "command": 6,
    "waypoints": [
        [
            -49.308998107910156,
            337.62445068359375,
            2.1459821971837116
        ],
        [
            -50.4052734375,
            339.2803039550781,
            2.152683243118569
        ],
        [
            -51.38579559326172,
            341.0217590332031,
            2.082768673180291
        ],
        [
            -52.049713134765625,
            342.91265869140625,
            1.9307095652087916
        ],
        [
            -52.397216796875,
            344.8900451660156,
            1.7711043902885524
        ],
        [
            -52.487308502197266,
            346.8972473144531,
            1.6392271165318368
        ],
        [
            -52.41691970825195,
            348.90606689453125,
            1.5533931152273117
        ],
        [
            -52.30016326904297,
            350.9129333496094,
            1.5215815051632064
        ]
    ],
    "steer": 0.097,
    "throttle": 0.75,
    "brake": false,
    "junction": false,
    "vehicle_hazard": [
        false,
        false,
        false,
        false,
        false,
        false,
        false,
        false,
        false,
        false,
        false,
        false,
        false,
        false,
        false,
        false,
        false,
        false,
        false,
        false,
        false,
        false,
        false,
        false,
        false,
        false,
        false,
        false,
        false,
        false,
        false,
        false,
        false,
        false,
        false,
        false,
        false,
        false,
        false,
        false,
        false,
        false,
        false,
        false,
        false,
        false,
        false,
        false,
        false,
        false,
        false,
        false,
        false,
        false,
        false,
        false,
        false,
        false,
        false,
        false,
        true,
        true,
        true,
        true,
        false,
        false,
        false,
        false,
        false,
        false,
        false,
        false,
        false,
        false,
        false,
        false,
        false,
        false,
        false,
        false
    ],
    "light_hazard": false,
    "walker_hazard": [
        false,
        false,
        false,
        false,
        false,
        false,
        false,
        false,
        false,
        false,
        false,
        false,
        false,
        false,
        false,
        false,
        false,
        false,
        false,
        false,
        false,
        false,
        false,
        false,
        false,
        false,
        false,
        false,
        false,
        false,
        false,
        false,
        false,
        false,
        false,
        false,
        false,
        false,
        false,
        false,
        false,
        false,
        false,
        false,
        false,
        false,
        false,
        false,
        false,
        false,
        false,
        false,
        false,
        false,
        false,
        false,
        false,
        false,
        false,
        false,
        false,
        false,
        false,
        false,
        false,
        false,
        false,
        false,
        false,
        false,
        false,
        false,
        false,
        false,
        false,
        false,
        false,
        false,
        false,
        false
    ],
    "stop_sign_hazard": false,
    "angle": 0.032156126897866476,
    "ego_matrix": [
        [
            0.8581502437591553,
            -0.5133981704711914,
            0.000639679899904877,
            336.0194396972656
        ],
        [
            0.5133984684944153,
            0.8581501841545105,
            -0.0005247304798103869,
            48.2457275390625
        ],
        [
            -0.0002795457548927516,
            0.0007787082577124238,
            0.9999996423721313,
            0.03355659544467926
        ],
        [
            0.0,
            0.0,
            0.0,
            1.0
        ]
    ]
}