{
    "x": -49.38607382085968,
    "y": 337.6708988977393,
    "theta": 2.1621575355529785,
    "speed": 3.8953752791281477,
    "target_speed": 4.0,
    "x_command": -52.29326231912083,
    "y_command": 381.355927033453,
    "command": 6,
    "waypoints": [
        [
            -50.4774169921875,
            339.3133544921875,
            2.1571040239490733
        ],
        [
            -51.438934326171875,
            341.060546875,
            2.0754138211978193
        ],
        [
            -52.079505920410156,
            342.95526123046875,
            1.9200706694176022
        ],
        [
            -52.404518127441406,
            344.9315490722656,
            1.7606902985828794
        ],
        [
            -52.47983169555664,
            346.9347229003906,
            1.6318950969945232
        ],
        [
            -52.40462875366211,
            348.9387512207031,
            1.5504266460965048
        ],
        [
            -52.290401458740234,
            350.9411315917969,
            1.5220841726577699
        ],
        [
            -52.20915985107422,
            352.9450378417969,
            1.5311057806532244
        ]
    ],
    "steer": 0.011,
    "throttle": 0.6535799844302558,
    "brake": false,
    "junction": false,
    "vehicle_hazard": [
        false,
        false,
        false,
        false,
        false,
        false,
        false,
        false,
        false,
        false,
        false,
        false,
        false,
        false,
        false,
        false,
        false,
        false,
        false,
        false,
        false,
        false,
        false,
        false,
        false,
        false,
        false,
        false,
        false,
        false,
        false,
        false,
        false,
        false,
        false,
        false,
        false,
        false,
        false,
        false,
        false,
        false,
        false,
        false,
        false,
        false,
        false,
        false,
        false,
        false,
        false,
        false,
        false,
        false,
        false,
        false,
        false,
        false,
        false,
        false,
        false,
        false,
        false,
        false,
        false,
        false,
        false,
        false,
        false,
        false,
        false,
        false,
        false,
        false,
        false,
        false,
        false,
        false,
        false,
        false
    ],
    "light_hazard": false,
    "walker_hazard": [
        false,
        false,
        false,
        false,
        false,
        false,
        false,
        false,
        false,
        false,
        false,
        false,
        false,
        false,
        false,
        false,
        false,
        false,
        false,
        false,
        false,
        false,
        false,
        false,
        false,
        false,
        false,
        false,
        false,
        false,
        false,
        false,
        false,
        false,
        false,
        false,
        false,
        false,
        false,
        false,
        false,
        false,
        false,
        false,
        false,
        false,
        false,
        false,
        false,
        false,
        false,
        false,
        false,
        false,
        false,
        false,
        false,
        false,
        false,
        false,
        false,
        false,
        false,
        false,
        false,
        false,
        false,
        false,
        false,
        false,
        false,
        false,
        false,
        false,
        false,
        false,
        false,
        false,
        false,
        false
    ],
    "stop_sign_hazard": false,
    "angle": 0.03909038888659219,
    "ego_matrix": [
        [
            0.8310003876686096,
            -0.5562717914581299,
            5.46028240933083e-05,
            337.6708984375
        ],
        [
            0.5562717914581299,
            0.8310003876686096,
            0.0002000209642574191,
            49.38380432128906
        ],
        [
            -0.00015664099191781133,
            -0.00013584349653683603,
            1.0,
            0.03349529206752777
        ],
        [
            0.0,
            0.0,
            0.0,
            1.0
        ]
    ]
}