{
    "x": -50.448565424384746,
    "y": 339.25653122411916,
    "theta": 2.15671968460083,
    "speed": 4.10359856300169,
    "target_speed": 4.0,
    "x_command": -52.29326231912083,
    "y_command": 381.355927033453,
    "command": 6,
    "waypoints": [
        [
            -51.43641662597656,
            341.0541076660156,
            2.074309940925981
        ],
        [
            -52.091285705566406,
            343.0061340332031,
            1.9151224495332075
        ],
        [
            -52.415283203125,
            345.0444030761719,
            1.7525344676130525
        ],
        [
            -52.48126983642578,
            347.11077880859375,
            1.6238768307785667
        ],
        [
            -52.39531326293945,
            349.1775207519531,
            1.5447205800314419
        ],
        [
            -52.275489807128906,
            351.24273681640625,
            1.5201387001919533
        ],
        [
            -52.19593048095703,
            353.309814453125,
            1.5327178960907797
        ],
        [
            -52.17977523803711,
            355.37835693359375,
            1.5595983669118723
        ]
    ],
    "steer": -0.026,
    "throttle": 0.06180868999275472,
    "brake": false,
    "junction": false,
    "vehicle_hazard": [
        false,
        false,
        false,
        false,
        false,
        false,
        false,
        false,
        false,
        false,
        false,
        false,
        false,
        false,
        false,
        false,
        false,
        false,
        false,
        false,
        false,
        false,
        false,
        false,
        false,
        false,
        false,
        false,
        false,
        false,
        false,
        false,
        false,
        false,
        false,
        false,
        false,
        false,
        false,
        false,
        false,
        false,
        false,
        false,
        false,
        false,
        false,
        false,
        false,
        false,
        false,
        false,
        false,
        false,
        false,
        false,
        false,
        false,
        false,
        false,
        false,
        false,
        false,
        false,
        false,
        false,
        false,
        false,
        false,
        false,
        false,
        false,
        false,
        false,
        false,
        false,
        false,
        false,
        false,
        false
    ],
    "light_hazard": false,
    "walker_hazard": [
        false,
        false,
        false,
        false,
        false,
        false,
        false,
        false,
        false,
        false,
        false,
        false,
        false,
        false,
        false,
        false,
        false,
        false,
        false,
        false,
        false,
        false,
        false,
        false,
        false,
        false,
        false,
        false,
        false,
        false,
        false,
        false,
        false,
        false,
        false,
        false,
        false,
        false,
        false,
        false,
        false,
        false,
        false,
        false,
        false,
        false,
        false,
        false,
        false,
        false,
        false,
        false,
        false,
        false,
        false,
        false,
        false,
        false,
        false,
        false,
        false,
        false,
        false,
        false,
        false,
        false,
        false,
        false,
        false,
        false,
        false,
        false,
        false,
        false,
        false,
        false,
        false,
        false,
        false,
        false
    ],
    "stop_sign_hazard": false,
    "angle": 0.02700090185923282,
    "ego_matrix": [
        [
            0.8321599960327148,
            -0.5545352101325989,
            -0.0006161582423374057,
            339.25653076171875
        ],
        [
            0.5545353889465332,
            0.8321601748466492,
            5.1420123782008886e-05,
            50.44624710083008
        ],
        [
            0.0004842280759476125,
            -0.0003844712919089943,
            0.9999998211860657,
            0.0331762321293354
        ],
        [
            0.0,
            0.0,
            0.0,
            1.0
        ]
    ]
}