{
    "x": -51.402649795296036,
    "y": 340.963592994024,
    "theta": 2.0624849796295166,
    "speed": 3.6677896054565866,
    "target_speed": 4.0,
    "x_command": -52.29326231912083,
    "y_command": 381.355927033453,
    "command": 6,
    "waypoints": [
        [
            -52.02271270751953,
            342.7367248535156,
            1.9347086677701952
        ],
        [
            -52.371002197265625,
            344.6726379394531,
            1.7770105991513188
        ],
        [
            -52.47043228149414,
            346.6669006347656,
            1.6450355457707053
        ],
        [
            -52.410160064697266,
            348.67132568359375,
            1.5588074788083353
        ],
        [
            -52.29983139038086,
            350.6787109375,
            1.5251584675635084
        ],
        [
            -52.2155647277832,
            352.688720703125,
            1.5304658854611166
        ],
        [
            -52.18727111816406,
            354.70050048828125,
            1.5537613679882316
        ],
        [
            -52.20820236206055,
            356.7123718261719,
            1.5770568864056034
        ]
    ],
    "steer": -0.204,
    "throttle": 0.75,
    "brake": false,
    "junction": false,
    "vehicle_hazard": [
        false,
        false,
        false,
        false,
        false,
        false,
        false,
        false,
        false,
        false,
        false,
        false,
        false,
        false,
        false,
        false,
        false,
        false,
        false,
        false,
        false,
        false,
        false,
        false,
        false,
        false,
        false,
        false,
        false,
        false,
        false,
        false,
        false,
        false,
        false,
        false,
        false,
        false,
        false,
        false,
        false,
        false,
        false,
        false,
        false,
        false,
        false,
        false,
        false,
        false,
        false,
        false,
        false,
        false,
        false,
        false,
        false,
        false,
        false,
        false,
        false,
        false,
        false,
        false,
        false,
        false,
        false,
        false,
        false,
        false,
        false,
        false,
        false,
        false,
        false,
        false,
        false,
        false,
        false,
        false
    ],
    "light_hazard": false,
    "walker_hazard": [
        false,
        false,
        false,
        false,
        false,
        false,
        false,
        false,
        false,
        false,
        false,
        false,
        false,
        false,
        false,
        false,
        false,
        false,
        false,
        false,
        false,
        false,
        false,
        false,
        false,
        false,
        false,
        false,
        false,
        false,
        false,
        false,
        false,
        false,
        false,
        false,
        false,
        false,
        false,
        false,
        false,
        false,
        false,
        false,
        false,
        false,
        false,
        false,
        false,
        false,
        false,
        false,
        false,
        false,
        false,
        false,
        false,
        false,
        false,
        false,
        false,
        false,
        false,
        false,
        false,
        false,
        false,
        false,
        false,
        false,
        false,
        false,
        false,
        false,
        false,
        false,
        false,
        false,
        false,
        false
    ],
    "stop_sign_hazard": false,
    "angle": 0.012659271790811475,
    "ego_matrix": [
        [
            0.8745613694190979,
            -0.48491427302360535,
            -0.0007413980783894658,
            340.9635925292969
        ],
        [
            0.4849146008491516,
            0.8745585083961487,
            0.002300565829500556,
            51.40028762817383
        ],
        [
            -0.00046718111843802035,
            -0.002371500711888075,
            0.999997079372406,
            0.033648908138275146
        ],
        [
            0.0,
            0.0,
            0.0,
            1.0
        ]
    ]
}