{
    "x": -52.00340066840162,
    "y": 342.8676457309942,
    "theta": 1.8815582990646362,
    "speed": 4.055115102903748,
    "target_speed": 4.0,
    "x_command": -52.29326231912083,
    "y_command": 381.355927033453,
    "command": 6,
    "waypoints": [
        [
            -52.333560943603516,
            344.8691101074219,
            1.7572775408697268
        ],
        [
            -52.43017578125,
            346.9024658203125,
            1.638539604851676
        ],
        [
            -52.38127517700195,
            348.9418640136719,
            1.5619500026528448
        ],
        [
            -52.28947067260742,
            350.98162841796875,
            1.5333795126905285
        ],
        [
            -52.22065353393555,
            353.0223083496094,
            1.5384821189361473
        ],
        [
            -52.20041275024414,
            355.06402587890625,
            1.5584951898810098
        ],
        [
            -52.221954345703125,
            357.10577392578125,
            1.5779980563773646
        ],
        [
            -52.263057708740234,
            359.147216796875,
            1.5885434804157788
        ]
    ],
    "steer": -0.235,
    "throttle": 0.049683340338473804,
    "brake": false,
    "junction": false,
    "vehicle_hazard": [
        false,
        false,
        false,
        false,
        false,
        false,
        false,
        false,
        false,
        false,
        false,
        false,
        false,
        false,
        false,
        false,
        false,
        false,
        false,
        false,
        false,
        false,
        false,
        false,
        false,
        false,
        false,
        false,
        false,
        false,
        false,
        false,
        false,
        false,
        false,
        false,
        false,
        false,
        false,
        false,
        false,
        false,
        false,
        false,
        false,
        false,
        false,
        false,
        false,
        false,
        false,
        false,
        false,
        false,
        false,
        false,
        false,
        false,
        false,
        false,
        false,
        false,
        false,
        false,
        false,
        false,
        false,
        false,
        false,
        false,
        false,
        false,
        false,
        false,
        false,
        false,
        false,
        false,
        false,
        false
    ],
    "light_hazard": false,
    "walker_hazard": [
        false,
        false,
        false,
        false,
        false,
        false,
        false,
        false,
        false,
        false,
        false,
        false,
        false,
        false,
        false,
        false,
        false,
        false,
        false,
        false,
        false,
        false,
        false,
        false,
        false,
        false,
        false,
        false,
        false,
        false,
        false,
        false,
        false,
        false,
        false,
        false,
        false,
        false,
        false,
        false,
        false,
        false,
        false,
        false,
        false,
        false,
        false,
        false,
        false,
        false,
        false,
        false,
        false,
        false,
        false,
        false,
        false,
        false,
        false,
        false,
        false,
        false,
        false,
        false,
        false,
        false,
        false,
        false,
        false,
        false,
        false,
        false,
        false,
        false,
        false,
        false,
        false,
        false,
        false,
        false
    ],
    "stop_sign_hazard": false,
    "angle": -0.005404221371181447,
    "ego_matrix": [
        [
            0.9463402628898621,
            -0.3231707215309143,
            -0.0008715570438653231,
            342.8676452636719
        ],
        [
            0.3231718838214874,
            0.9463375806808472,
            0.002265187678858638,
            52.00101089477539
        ],
        [
            9.27448199945502e-05,
            -0.002425301121547818,
            0.999997079372406,
            0.03337043523788452
        ],
        [
            0.0,
            0.0,
            0.0,
            1.0
        ]
    ]
}