{
    "x": -52.256212275144,
    "y": 344.76287888787425,
    "theta": 1.7209677696228027,
    "speed": 3.928760502677988,
    "target_speed": 4.0,
    "x_command": -52.29326231912083,
    "y_command": 381.355927033453,
    "command": 6,
    "waypoints": [
        [
            -52.350894927978516,
            346.741943359375,
            1.6380187446379162
        ],
        [
            -52.327816009521484,
            348.7415466308594,
            1.5730937742296929
        ],
        [
            -52.2694206237793,
            350.7461853027344,
            1.5484885909504431
        ],
        [
            -52.22770309448242,
            352.7546691894531,
            1.5511681284006318
        ],
        [
            -52.21966552734375,
            354.7646789550781,
            1.5650653851407763
        ],
        [
            -52.240230560302734,
            356.77471923828125,
            1.5785724762976567
        ],
        [
            -52.27315902709961,
            358.7845764160156,
            1.5854377414838257
        ],
        [
            -52.3022346496582,
            360.7945251464844,
            1.584823770500454
        ]
    ],
    "steer": -0.186,
    "throttle": 0.33667479406193535,
    "brake": false,
    "junction": false,
    "vehicle_hazard": [
        false,
        false,
        false,
        false,
        false,
        false,
        false,
        false,
        false,
        false,
        false,
        false,
        false,
        false,
        false,
        false,
        false,
        false,
        false,
        false,
        false,
        false,
        false,
        false,
        false,
        false,
        false,
        false,
        false,
        false,
        false,
        false,
        false,
        false,
        false,
        false,
        false,
        false,
        false,
        false,
        false,
        false,
        false,
        false,
        false,
        false,
        false,
        false,
        false,
        false,
        false,
        false,
        false,
        false,
        false,
        false,
        false,
        false,
        false,
        false,
        false,
        false,
        false,
        false,
        false,
        false,
        false,
        false,
        false,
        false,
        false,
        false,
        false,
        false,
        false,
        false,
        false,
        false,
        false,
        false
    ],
    "light_hazard": false,
    "walker_hazard": [
        false,
        false,
        false,
        false,
        false,
        false,
        false,
        false,
        false,
        false,
        false,
        false,
        false,
        false,
        false,
        false,
        false,
        false,
        false,
        false,
        false,
        false,
        false,
        false,
        false,
        false,
        false,
        false,
        false,
        false,
        false,
        false,
        false,
        false,
        false,
        false,
        false,
        false,
        false,
        false,
        false,
        false,
        false,
        false,
        false,
        false,
        false,
        false,
        false,
        false,
        false,
        false,
        false,
        false,
        false,
        false,
        false,
        false,
        false,
        false,
        false,
        false,
        false,
        false,
        false,
        false,
        false,
        false,
        false,
        false,
        false,
        false,
        false,
        false,
        false,
        false,
        false,
        false,
        false,
        false
    ],
    "stop_sign_hazard": false,
    "angle": -0.009054700046545232,
    "ego_matrix": [
        [
            0.9864298105239868,
            -0.1641830950975418,
            -0.0003487801877781749,
            344.76287841796875
        ],
        [
            0.16418342292308807,
            0.9864286780357361,
            0.0014529305044561625,
            52.25381088256836
        ],
        [
            0.00010550021397648379,
            -0.0014904779382050037,
            0.9999988675117493,
            0.03336460143327713
        ],
        [
            0.0,
            0.0,
            0.0,
            1.0
        ]
    ]
}