{
    "x": -52.29558557555702,
    "y": 346.775848861321,
    "theta": 1.6043508052825928,
    "speed": 3.728113531965528,
    "target_speed": 4.0,
    "x_command": -52.29326231912083,
    "y_command": 381.355927033453,
    "command": 6,
    "waypoints": [
        [
            -52.26463317871094,
            348.6866760253906,
            1.5672965011390783
        ],
        [
            -52.22196960449219,
            350.6672668457031,
            1.5539178682335713
        ],
        [
            -52.20468521118164,
            352.6667175292969,
            1.561972731068273
        ],
        [
            -52.21931457519531,
            354.6715087890625,
            1.5758337256452546
        ],
        [
            -52.25257873535156,
            356.679443359375,
            1.5853125916379434
        ],
        [
            -52.28764724731445,
            358.6882629394531,
            1.5873208470861613
        ],
        [
            -52.3120002746582,
            360.69732666015625,
            1.583192419965807
        ],
        [
            -52.321372985839844,
            362.7065124511719,
            1.5764419011323634
        ]
    ],
    "steer": -0.106,
    "throttle": 0.75,
    "brake": false,
    "junction": false,
    "vehicle_hazard": [
        false,
        false,
        false,
        false,
        false,
        false,
        false,
        false,
        false,
        false,
        false,
        false,
        false,
        false,
        false,
        false,
        false,
        false,
        false,
        false,
        false,
        false,
        false,
        false,
        false,
        false,
        false,
        false,
        false,
        false,
        false,
        false,
        false,
        false,
        false,
        false,
        false,
        false,
        false,
        false,
        false,
        false,
        false,
        false,
        false,
        false,
        false,
        false,
        false,
        false,
        false,
        false,
        false,
        false,
        false,
        false,
        false,
        false,
        false,
        false,
        false,
        false,
        false,
        false,
        false,
        false,
        false,
        false,
        false,
        false,
        false,
        false,
        false,
        false,
        false,
        false,
        false,
        false,
        false,
        false
    ],
    "light_hazard": false,
    "walker_hazard": [
        false,
        false,
        false,
        false,
        false,
        false,
        false,
        false,
        false,
        false,
        false,
        false,
        false,
        false,
        false,
        false,
        false,
        false,
        false,
        false,
        false,
        false,
        false,
        false,
        false,
        false,
        false,
        false,
        false,
        false,
        false,
        false,
        false,
        false,
        false,
        false,
        false,
        false,
        false,
        false,
        false,
        false,
        false,
        false,
        false,
        false,
        false,
        false,
        false,
        false,
        false,
        false,
        false,
        false,
        false,
        false,
        false,
        false,
        false,
        false,
        false,
        false,
        false,
        false,
        false,
        false,
        false,
        false,
        false,
        false,
        false,
        false,
        false,
        false,
        false,
        false,
        false,
        false,
        false,
        false
    ],
    "stop_sign_hazard": false,
    "angle": -0.007224208856482673,
    "ego_matrix": [
        [
            0.9991235136985779,
            -0.041857194155454636,
            0.0004689832858275622,
            346.7758483886719
        ],
        [
            0.04185687005519867,
            0.9991233944892883,
            0.0006901604356244206,
            52.293182373046875
        ],
        [
            -0.0004974603652954102,
            -0.0006699253572151065,
            0.9999996423721313,
            0.03366462513804436
        ],
        [
            0.0,
            0.0,
            0.0,
            1.0
        ]
    ]
}