{
    "x": -52.2293441278572,
    "y": 348.71154832684994,
    "theta": 1.549258828163147,
    "speed": 4.150099562794804,
    "target_speed": 4.0,
    "x_command": -52.29326231912083,
    "y_command": 381.355927033453,
    "command": 6,
    "waypoints": [
        [
            -52.177494049072266,
            350.7890625,
            1.5496952130643038
        ],
        [
            -52.17095184326172,
            352.8732604980469,
            1.566306433293064
        ],
        [
            -52.2044563293457,
            354.9611511230469,
            1.584279977972995
        ],
        [
            -52.25648880004883,
            357.0509338378906,
            1.5936828715739542
        ],
        [
            -52.302101135253906,
            359.1410217285156,
            1.5920574819428408
        ],
        [
            -52.32726287841797,
            361.2314758300781,
            1.5835822724195836
        ],
        [
            -52.33087921142578,
            363.32208251953125,
            1.5738880445998291
        ],
        [
            -52.320220947265625,
            365.41265869140625,
            1.5669221043822998
        ]
    ],
    "steer": -0.025,
    "throttle": 0.053991388818901906,
    "brake": false,
    "junction": false,
    "vehicle_hazard": [
        false,
        false,
        false,
        false,
        false,
        false,
        false,
        false,
        false,
        false,
        false,
        false,
        false,
        false,
        false,
        false,
        false,
        false,
        false,
        false,
        false,
        false,
        false,
        false,
        false,
        false,
        false,
        false,
        false,
        false,
        false,
        false,
        false,
        false,
        false,
        false,
        false,
        false,
        false,
        false,
        false,
        false,
        false,
        false,
        false,
        false,
        false,
        false,
        false,
        false,
        false,
        false,
        false,
        false,
        false,
        false,
        false,
        false,
        false,
        false,
        false,
        false,
        false,
        false,
        false,
        false,
        false,
        false,
        false,
        false,
        false,
        false,
        false,
        false,
        false,
        false,
        false,
        false,
        false,
        false
    ],
    "light_hazard": false,
    "walker_hazard": [
        false,
        false,
        false,
        false,
        false,
        false,
        false,
        false,
        false,
        false,
        false,
        false,
        false,
        false,
        false,
        false,
        false,
        false,
        false,
        false,
        false,
        false,
        false,
        false,
        false,
        false,
        false,
        false,
        false,
        false,
        false,
        false,
        false,
        false,
        false,
        false,
        false,
        false,
        false,
        false,
        false,
        false,
        false,
        false,
        false,
        false,
        false,
        false,
        false,
        false,
        false,
        false,
        false,
        false,
        false,
        false,
        false,
        false,
        false,
        false,
        false,
        false,
        false,
        false,
        false,
        false,
        false,
        false,
        false,
        false,
        false,
        false,
        false,
        false,
        false,
        false,
        false,
        false,
        false,
        false
    ],
    "stop_sign_hazard": false,
    "angle": -0.000942817816578687,
    "ego_matrix": [
        [
            0.9998264312744141,
            0.018624043092131615,
            -0.0005068082828074694,
            348.7115478515625
        ],
        [
            -0.01862400211393833,
            0.9998265504837036,
            8.526218880433589e-05,
            52.22694396972656
        ],
        [
            0.0005083083524368703,
            -7.580859528388828e-05,
            0.9999998807907104,
            0.033164288848638535
        ],
        [
            0.0,
            0.0,
            0.0,
            1.0
        ]
    ]
}