{
    "x": -52.17066757134409,
    "y": 350.63580370056644,
    "theta": 1.546718716621399,
    "speed": 3.738554485956959,
    "target_speed": 4.0,
    "x_command": -52.29326231912083,
    "y_command": 381.355927033453,
    "command": 6,
    "waypoints": [
        [
            -52.15952682495117,
            352.5517272949219,
            1.563424953330842
        ],
        [
            -52.192386627197266,
            354.53460693359375,
            1.5835145667503547
        ],
        [
            -52.2459831237793,
            356.53448486328125,
            1.5947875008598487
        ],
        [
            -52.29534149169922,
            358.5404968261719,
            1.5945622973001687
        ],
        [
            -52.324981689453125,
            360.5504455566406,
            1.5864127632499039
        ],
        [
            -52.332275390625,
            362.5614318847656,
            1.5760826365401226
        ],
        [
            -52.323699951171875,
            364.5724792480469,
            1.568097430452237
        ],
        [
            -52.30879211425781,
            366.5834655761719,
            1.5643560911955825
        ]
    ],
    "steer": 0.025,
    "throttle": 0.75,
    "brake": false,
    "junction": false,
    "vehicle_hazard": [
        false,
        false,
        false,
        false,
        false,
        false,
        false,
        false,
        false,
        false,
        false,
        false,
        false,
        false,
        false,
        false,
        false,
        false,
        false,
        false,
        false,
        false,
        false,
        false,
        false,
        false,
        false,
        false,
        false,
        false,
        false,
        false,
        false,
        false,
        false,
        false,
        false,
        false,
        false,
        false,
        false,
        false,
        false,
        false,
        false,
        false,
        false,
        false,
        false,
        false,
        false,
        false,
        false,
        false,
        false,
        false,
        false,
        false,
        false,
        false,
        false,
        false,
        false,
        false,
        false,
        false,
        false,
        false,
        false,
        false,
        false,
        false,
        false,
        false,
        false,
        false,
        false,
        false,
        false,
        false
    ],
    "light_hazard": false,
    "walker_hazard": [
        false,
        false,
        false,
        false,
        false,
        false,
        false,
        false,
        false,
        false,
        false,
        false,
        false,
        false,
        false,
        false,
        false,
        false,
        false,
        false,
        false,
        false,
        false,
        false,
        false,
        false,
        false,
        false,
        false,
        false,
        false,
        false,
        false,
        false,
        false,
        false,
        false,
        false,
        false,
        false,
        false,
        false,
        false,
        false,
        false,
        false,
        false,
        false,
        false,
        false,
        false,
        false,
        false,
        false,
        false,
        false,
        false,
        false,
        false,
        false,
        false,
        false,
        false,
        false,
        false,
        false,
        false,
        false,
        false,
        false,
        false,
        false,
        false,
        false,
        false,
        false,
        false,
        false,
        false,
        false
    ],
    "stop_sign_hazard": false,
    "angle": 0.0023831493248715587,
    "ego_matrix": [
        [
            0.9996733069419861,
            0.025559376925230026,
            0.00020142910943832248,
            350.63580322265625
        ],
        [
            -0.025559300556778908,
            0.9996732473373413,
            -0.00037704885471612215,
            52.168270111083984
        ],
        [
            -0.00021100042795296758,
            0.000371777277905494,
            0.9999999403953552,
            0.033522337675094604
        ],
        [
            0.0,
            0.0,
            0.0,
            1.0
        ]
    ]
}