{
    "x": -52.16964137334272,
    "y": 352.63995409392305,
    "theta": 1.5702983140945435,
    "speed": 3.9102383097209956,
    "target_speed": 4.0,
    "x_command": -52.29326231912083,
    "y_command": 381.355927033453,
    "command": 6,
    "waypoints": [
        [
            -52.20235061645508,
            354.6172180175781,
            1.5852274027322772
        ],
        [
            -52.25459671020508,
            356.61468505859375,
            1.5944891477551648
        ],
        [
            -52.300174713134766,
            358.6171875,
            1.5929859743315455
        ],
        [
            -52.32600402832031,
            360.6221618652344,
            1.5846342897097867
        ],
        [
            -52.33085632324219,
            362.62799072265625,
            1.5748318691502277
        ],
        [
            -52.321380615234375,
            364.6339416503906,
            1.5675352628934796
        ],
        [
            -52.306861877441406,
            366.6398620605469,
            1.5644160846207718
        ],
        [
            -52.29473114013672,
            368.64581298828125,
            1.5649173820437898
        ]
    ],
    "steer": 0.034,
    "throttle": 0.581320304647319,
    "brake": false,
    "junction": false,
    "vehicle_hazard": [
        false,
        false,
        false,
        false,
        false,
        false,
        false,
        false,
        false,
        false,
        false,
        false,
        false,
        false,
        false,
        false,
        false,
        false,
        false,
        false,
        false,
        false,
        false,
        false,
        false,
        false,
        false,
        false,
        false,
        false,
        false,
        false,
        false,
        false,
        false,
        false,
        false,
        false,
        false,
        false,
        false,
        false,
        false,
        false,
        false,
        false,
        false,
        false,
        false,
        false,
        false,
        false,
        false,
        false,
        false,
        false,
        false,
        false,
        false,
        false,
        false,
        false,
        false,
        false,
        false,
        false,
        false,
        false,
        false,
        false,
        false,
        false,
        false,
        false,
        false,
        false,
        false,
        false,
        false,
        false
    ],
    "light_hazard": false,
    "walker_hazard": [
        false,
        false,
        false,
        false,
        false,
        false,
        false,
        false,
        false,
        false,
        false,
        false,
        false,
        false,
        false,
        false,
        false,
        false,
        false,
        false,
        false,
        false,
        false,
        false,
        false,
        false,
        false,
        false,
        false,
        false,
        false,
        false,
        false,
        false,
        false,
        false,
        false,
        false,
        false,
        false,
        false,
        false,
        false,
        false,
        false,
        false,
        false,
        false,
        false,
        false,
        false,
        false,
        false,
        false,
        false,
        false,
        false,
        false,
        false,
        false,
        false,
        false,
        false,
        false,
        false,
        false,
        false,
        false,
        false,
        false,
        false,
        false,
        false,
        false,
        false,
        false,
        false,
        false,
        false,
        false
    ],
    "stop_sign_hazard": false,
    "angle": 0.0042423679141418095,
    "ego_matrix": [
        [
            0.999995768070221,
            0.00291672651655972,
            0.00011409191938582808,
            352.63995361328125
        ],
        [
            -0.002916689496487379,
            0.9999957084655762,
            -0.0003241745289415121,
            52.16724395751953
        ],
        [
            -0.00011503695714054629,
            0.0003238403587602079,
            0.9999999403953552,
            0.03347461670637131
        ],
        [
            0.0,
            0.0,
            0.0,
            1.0
        ]
    ]
}