{
    "x": -52.21299739884892,
    "y": 354.5358281199446,
    "theta": 1.590590238571167,
    "speed": 4.05915889754657,
    "target_speed": 4.0,
    "x_command": -52.29326231912083,
    "y_command": 381.355927033453,
    "command": 6,
    "waypoints": [
        [
            -52.264442443847656,
            356.56781005859375,
            1.5954356809796604
        ],
        [
            -52.308387756347656,
            358.6066589355469,
            1.5920925545260405
        ],
        [
            -52.330020904541016,
            360.6504211425781,
            1.5825010238155248
        ],
        [
            -52.33047866821289,
            362.69708251953125,
            1.5726129317823891
        ],
        [
            -52.31834030151367,
            364.744140625,
            1.5661329918061808
        ],
        [
            -52.3033447265625,
            366.79119873046875,
            1.564086687484186
        ],
        [
            -52.29225540161133,
            368.8382568359375,
            1.565394049387914
        ],
        [
            -52.28767013549805,
            370.8853759765625,
            1.5681792974285476
        ]
    ],
    "steer": 0.019,
    "throttle": 0.03242816265734447,
    "brake": false,
    "junction": false,
    "vehicle_hazard": [
        false,
        false,
        false,
        false,
        false,
        false,
        false,
        false,
        false,
        false,
        false,
        false,
        false,
        false,
        false,
        false,
        false,
        false,
        false,
        false,
        false,
        false,
        false,
        false,
        false,
        false,
        false,
        false,
        false,
        false,
        false,
        false,
        false,
        false,
        false,
        false,
        false,
        false,
        false,
        false,
        false,
        false,
        false,
        false,
        false,
        false,
        false,
        false,
        false,
        false,
        false,
        false,
        false,
        false,
        false,
        false,
        false,
        false,
        false,
        false,
        false,
        false,
        false,
        false,
        false,
        false,
        false,
        false,
        false,
        false,
        false,
        false,
        false,
        false,
        false,
        false,
        false,
        false,
        false,
        false
    ],
    "light_hazard": false,
    "walker_hazard": [
        false,
        false,
        false,
        false,
        false,
        false,
        false,
        false,
        false,
        false,
        false,
        false,
        false,
        false,
        false,
        false,
        false,
        false,
        false,
        false,
        false,
        false,
        false,
        false,
        false,
        false,
        false,
        false,
        false,
        false,
        false,
        false,
        false,
        false,
        false,
        false,
        false,
        false,
        false,
        false,
        false,
        false,
        false,
        false,
        false,
        false,
        false,
        false,
        false,
        false,
        false,
        false,
        false,
        false,
        false,
        false,
        false,
        false,
        false,
        false,
        false,
        false,
        false,
        false,
        false,
        false,
        false,
        false,
        false,
        false,
        false,
        false,
        false,
        false,
        false,
        false,
        false,
        false,
        false,
        false
    ],
    "stop_sign_hazard": false,
    "angle": 0.0028786100831752837,
    "ego_matrix": [
        [
            0.9998362064361572,
            -0.01809128373861313,
            -0.0004418858152348548,
            354.53582763671875
        ],
        [
            0.018091218546032906,
            0.9998363256454468,
            -0.00015023161540739238,
            52.21059799194336
        ],
        [
            0.00044453138252720237,
            0.0001422127679688856,
            0.9999998807907104,
            0.0331961065530777
        ],
        [
            0.0,
            0.0,
            0.0,
            1.0
        ]
    ]
}