{
    "x": -52.271647249319365,
    "y": 356.5082707495861,
    "theta": 1.5977847576141357,
    "speed": 3.657210137947801,
    "target_speed": 4.0,
    "x_command": -52.29326231912083,
    "y_command": 381.355927033453,
    "command": 6,
    "waypoints": [
        [
            -52.31060791015625,
            358.3839416503906,
            1.5931747050678589
        ],
        [
            -52.33156204223633,
            360.3496398925781,
            1.5830163850177525
        ],
        [
            -52.331512451171875,
            362.3466491699219,
            1.572648450002945
        ],
        [
            -52.31877899169922,
            364.3516540527344,
            1.5659132107961815
        ],
        [
            -52.303443908691406,
            366.36163330078125,
            1.5638486976303818
        ],
        [
            -52.29215621948242,
            368.37322998046875,
            1.5651893152380736
        ],
        [
            -52.28757858276367,
            370.38507080078125,
            1.5680941485743274
        ],
        [
            -52.28861999511719,
            372.3968811035156,
            1.5708314004996666
        ]
    ],
    "steer": -0.002,
    "throttle": 0.75,
    "brake": false,
    "junction": false,
    "vehicle_hazard": [
        false,
        false,
        false,
        false,
        false,
        false,
        false,
        false,
        false,
        false,
        false,
        false,
        false,
        false,
        false,
        false,
        false,
        false,
        false,
        false,
        false,
        false,
        false,
        false,
        false,
        false,
        false,
        false,
        false,
        false,
        false,
        false,
        false,
        false,
        false,
        false,
        false,
        false,
        false,
        false,
        false,
        false,
        false,
        false,
        false,
        false,
        false,
        false,
        false,
        false,
        false,
        false,
        false,
        false,
        false,
        false,
        false,
        false,
        false,
        false,
        false,
        false,
        false,
        false,
        false,
        false,
        false,
        false,
        false,
        false,
        false,
        false,
        false,
        false,
        false,
        false,
        false,
        false,
        false,
        false
    ],
    "light_hazard": false,
    "walker_hazard": [
        false,
        false,
        false,
        false,
        false,
        false,
        false,
        false,
        false,
        false,
        false,
        false,
        false,
        false,
        false,
        false,
        false,
        false,
        false,
        false,
        false,
        false,
        false,
        false,
        false,
        false,
        false,
        false,
        false,
        false,
        false,
        false,
        false,
        false,
        false,
        false,
        false,
        false,
        false,
        false,
        false,
        false,
        false,
        false,
        false,
        false,
        false,
        false,
        false,
        false,
        false,
        false,
        false,
        false,
        false,
        false,
        false,
        false,
        false,
        false,
        false,
        false,
        false,
        false,
        false,
        false,
        false,
        false,
        false,
        false,
        false,
        false,
        false,
        false,
        false,
        false,
        false,
        false,
        false,
        false
    ],
    "stop_sign_hazard": false,
    "angle": 0.001115425665597305,
    "ego_matrix": [
        [
            0.9996354579925537,
            -0.026994505897164345,
            0.0004894855665042996,
            356.5082702636719
        ],
        [
            0.026994476094841957,
            0.9996355772018433,
            6.797713285777718e-05,
            52.26924514770508
        ],
        [
            -0.0004911422147415578,
            -5.473894634633325e-05,
            0.9999998807907104,
            0.033661842346191406
        ],
        [
            0.0,
            0.0,
            0.0,
            1.0
        ]
    ]
}