{
    "x": -52.31498420360085,
    "y": 358.48040820344596,
    "theta": 1.591587781906128,
    "speed": 4.082743168321295,
    "target_speed": 4.0,
    "x_command": -52.29326231912083,
    "y_command": 381.355927033453,
    "command": 6,
    "waypoints": [
        [
            -52.333370208740234,
            360.5246887207031,
            1.5822112333979241
        ],
        [
            -52.331756591796875,
            362.57513427734375,
            1.5717359413921557
        ],
        [
            -52.31755447387695,
            364.6292419433594,
            1.5652343939208608
        ],
        [
            -52.301483154296875,
            366.6851501464844,
            1.5635788939246729
        ],
        [
            -52.29064178466797,
            368.7411804199219,
            1.5654628764976328
        ],
        [
            -52.28691101074219,
            370.7972412109375,
            1.5686028453719718
        ],
        [
            -52.288883209228516,
            372.8533020019531,
            1.571286092164733
        ],
        [
            -52.293148040771484,
            374.9093322753906,
            1.5725420806442343
        ]
    ],
    "steer": -0.015,
    "throttle": 0.05076154601730567,
    "brake": false,
    "junction": false,
    "vehicle_hazard": [
        false,
        false,
        false,
        false,
        false,
        false,
        false,
        false,
        false,
        false,
        false,
        false,
        false,
        false,
        false,
        false,
        false,
        false,
        false,
        false,
        false,
        false,
        false,
        false,
        false,
        false,
        false,
        false,
        false,
        false,
        false,
        false,
        false,
        false,
        false,
        false,
        false,
        false,
        false,
        false,
        false,
        false,
        false,
        false,
        false,
        false,
        false,
        false,
        false,
        false,
        false,
        false,
        false,
        false,
        false,
        false,
        false,
        false,
        false,
        false,
        false,
        false,
        false,
        false,
        false,
        false,
        false,
        false,
        false,
        false,
        false,
        false,
        false,
        false,
        false,
        false,
        false,
        false,
        false,
        false
    ],
    "light_hazard": false,
    "walker_hazard": [
        false,
        false,
        false,
        false,
        false,
        false,
        false,
        false,
        false,
        false,
        false,
        false,
        false,
        false,
        false,
        false,
        false,
        false,
        false,
        false,
        false,
        false,
        false,
        false,
        false,
        false,
        false,
        false,
        false,
        false,
        false,
        false,
        false,
        false,
        false,
        false,
        false,
        false,
        false,
        false,
        false,
        false,
        false,
        false,
        false,
        false,
        false,
        false,
        false,
        false,
        false,
        false,
        false,
        false,
        false,
        false,
        false,
        false,
        false,
        false,
        false,
        false,
        false,
        false,
        false,
        false,
        false,
        false,
        false,
        false,
        false,
        false,
        false,
        false,
        false,
        false,
        false,
        false,
        false,
        false
    ],
    "stop_sign_hazard": false,
    "angle": -0.0009558248532617419,
    "ego_matrix": [
        [
            0.9997617602348328,
            -0.021823372691869736,
            -0.0003021773009095341,
            358.48040771484375
        ],
        [
            0.021823424845933914,
            0.9997618198394775,
            0.0001761281309882179,
            52.31258010864258
        ],
        [
            0.00029826161335222423,
            -0.0001826807128963992,
            0.9999999403953552,
            0.03326889127492905
        ],
        [
            0.0,
            0.0,
            0.0,
            1.0
        ]
    ]
}