{
    "x": -52.329412050999565,
    "y": 360.3817448759593,
    "theta": 1.5790845155715942,
    "speed": 3.87997863433818,
    "target_speed": 4.0,
    "x_command": -52.29326231912083,
    "y_command": 381.355927033453,
    "command": 6,
    "waypoints": [
        [
            -52.32578659057617,
            362.3501892089844,
            1.5717488300905456
        ],
        [
            -52.313995361328125,
            364.34698486328125,
            1.5661509244510523
        ],
        [
            -52.30057144165039,
            366.3509826660156,
            1.5646491824765187
        ],
        [
            -52.291664123535156,
            368.3590393066406,
            1.566266420337983
        ],
        [
            -52.28862380981445,
            370.3687438964844,
            1.568889166788186
        ],
        [
            -52.29030990600586,
            372.3786315917969,
            1.5711773077883477
        ],
        [
            -52.29374694824219,
            374.3885192871094,
            1.572237669238182
        ],
        [
            -52.29655075073242,
            376.3984069824219,
            1.5721260522297744
        ]
    ],
    "steer": -0.016,
    "throttle": 0.5879372551983807,
    "brake": false,
    "junction": false,
    "vehicle_hazard": [
        false,
        false,
        false,
        false,
        false,
        false,
        false,
        false,
        false,
        false,
        false,
        false,
        false,
        false,
        false,
        false,
        false,
        false,
        false,
        false,
        false,
        false,
        false,
        false,
        false,
        false,
        false,
        false,
        false,
        false,
        false,
        false,
        false,
        false,
        false,
        false,
        false,
        false,
        false,
        false,
        false,
        false,
        false,
        false,
        false,
        false,
        false,
        false,
        false,
        false,
        false,
        false,
        false,
        false,
        false,
        false,
        false,
        false,
        false,
        false,
        false,
        false,
        false,
        false,
        false,
        false,
        false,
        false,
        false,
        false,
        false,
        false,
        false,
        false,
        false,
        false,
        false,
        false,
        false,
        false
    ],
    "light_hazard": false,
    "walker_hazard": [
        false,
        false,
        false,
        false,
        false,
        false,
        false,
        false,
        false,
        false,
        false,
        false,
        false,
        false,
        false,
        false,
        false,
        false,
        false,
        false,
        false,
        false,
        false,
        false,
        false,
        false,
        false,
        false,
        false,
        false,
        false,
        false,
        false,
        false,
        false,
        false,
        false,
        false,
        false,
        false,
        false,
        false,
        false,
        false,
        false,
        false,
        false,
        false,
        false,
        false,
        false,
        false,
        false,
        false,
        false,
        false,
        false,
        false,
        false,
        false,
        false,
        false,
        false,
        false,
        false,
        false,
        false,
        false,
        false,
        false,
        false,
        false,
        false,
        false,
        false,
        false,
        false,
        false,
        false,
        false
    ],
    "stop_sign_hazard": false,
    "angle": -0.0012978006199436478,
    "ego_matrix": [
        [
            0.9999542832374573,
            -0.009564990177750587,
            -0.00011895793431904167,
            360.3817443847656
        ],
        [
            0.00956500880420208,
            0.9999542832374573,
            0.00016009855607990175,
            52.32700729370117
        ],
        [
            0.00011742114293156192,
            -0.00016122906527016312,
            1.0,
            0.03335883840918541
        ],
        [
            0.0,
            0.0,
            0.0,
            1.0
        ]
    ]
}