{
    "x": -52.32199975334083,
    "y": 362.3844914607203,
    "theta": 1.5682785511016846,
    "speed": 3.737757158923585,
    "target_speed": 4.0,
    "x_command": -52.29326231912083,
    "y_command": 381.355927033453,
    "command": 6,
    "waypoints": [
        [
            -52.307334899902344,
            364.3000793457031,
            1.5654047269994094
        ],
        [
            -52.295501708984375,
            366.28271484375,
            1.5651337290323992
        ],
        [
            -52.288970947265625,
            368.2826232910156,
            1.5672998698818126
        ],
        [
            -52.28824996948242,
            370.28759765625,
            1.569972029998674
        ],
        [
            -52.29081344604492,
            372.29571533203125,
            1.5717004789575426
        ],
        [
            -52.29426193237305,
            374.3046569824219,
            1.572314076084072
        ],
        [
            -52.296669006347656,
            376.3136901855469,
            1.5719793674495424
        ],
        [
            -52.29719543457031,
            377.64178466796875,
            1.5714305935884956
        ]
    ],
    "steer": -0.01,
    "throttle": 0.75,
    "brake": false,
    "junction": false,
    "vehicle_hazard": [
        false,
        false,
        false,
        false,
        false,
        false,
        false,
        false,
        false,
        false,
        false,
        false,
        false,
        false,
        false,
        false,
        false,
        false,
        false,
        false,
        false,
        false,
        false,
        false,
        false,
        false,
        false,
        false,
        false,
        false,
        false,
        false,
        false,
        false,
        false,
        false,
        false,
        false,
        false,
        false,
        false,
        false,
        false,
        false,
        false,
        false,
        false,
        false,
        false,
        false,
        false,
        false,
        false,
        false,
        false,
        false,
        false,
        false,
        false,
        false,
        false,
        false,
        false,
        false,
        false,
        false,
        false,
        false,
        false,
        false,
        false,
        false,
        false,
        false,
        false,
        false,
        false,
        false,
        false,
        false
    ],
    "light_hazard": false,
    "walker_hazard": [
        false,
        false,
        false,
        false,
        false,
        false,
        false,
        false,
        false,
        false,
        false,
        false,
        false,
        false,
        false,
        false,
        false,
        false,
        false,
        false,
        false,
        false,
        false,
        false,
        false,
        false,
        false,
        false,
        false,
        false,
        false,
        false,
        false,
        false,
        false,
        false,
        false,
        false,
        false,
        false,
        false,
        false,
        false,
        false,
        false,
        false,
        false,
        false,
        false,
        false,
        false,
        false,
        false,
        false,
        false,
        false,
        false,
        false,
        false,
        false,
        false,
        false,
        false,
        false,
        false,
        false,
        false,
        false,
        false,
        false,
        false,
        false,
        false,
        false,
        false,
        false,
        false,
        false,
        false,
        false
    ],
    "stop_sign_hazard": false,
    "angle": -0.0012124874675698979,
    "ego_matrix": [
        [
            0.9999983906745911,
            0.0017518004169687629,
            0.00041126279393211007,
            362.3844909667969
        ],
        [
            -0.0017518262611702085,
            0.9999984502792358,
            6.242948438739404e-05,
            52.31959533691406
        ],
        [
            -0.0004111528105568141,
            -6.314984057098627e-05,
            0.9999999403953552,
            0.03362194076180458
        ],
        [
            0.0,
            0.0,
            0.0,
            1.0
        ]
    ]
}