{
    "x": -52.3057331377145,
    "y": 364.3113103110027,
    "theta": 1.5634732246398926,
    "speed": 4.1546462927721866,
    "target_speed": 4.0,
    "x_command": -52.29326231912083,
    "y_command": 381.355927033453,
    "command": 6,
    "waypoints": [
        [
            -52.29048156738281,
            366.3918151855469,
            1.5647341492787112
        ],
        [
            -52.284908294677734,
            368.4787292480469,
            1.567805562040778
        ],
        [
            -52.28641891479492,
            370.56976318359375,
            1.571056937263321
        ],
        [
            -52.291324615478516,
            372.66314697265625,
            1.572800712077081
        ],
        [
            -52.29623031616211,
            374.75677490234375,
            1.5729751116777784
        ],
        [
            -52.29872131347656,
            376.813232421875,
            1.5720656075756312
        ],
        [
            -52.2986946105957,
            377.978271484375,
            1.5712657738580764
        ],
        [
            -52.298606872558594,
            378.0976257324219,
            1.5711663566436807
        ]
    ],
    "steer": -0.001,
    "throttle": 0.05725454978817095,
    "brake": false,
    "junction": false,
    "vehicle_hazard": [
        false,
        false,
        false,
        false,
        false,
        false,
        false,
        false,
        false,
        false,
        false,
        false,
        false,
        false,
        false,
        false,
        false,
        false,
        false,
        false,
        false,
        false,
        false,
        false,
        false,
        false,
        false,
        false,
        false,
        false,
        false,
        false,
        false,
        false,
        false,
        false,
        false,
        false,
        false,
        false,
        false,
        false,
        false,
        false,
        false,
        false,
        false,
        false,
        false,
        false,
        false,
        false,
        false,
        false,
        false,
        false,
        false,
        false,
        false,
        false,
        false,
        false,
        false,
        false,
        false,
        false,
        false,
        false,
        false,
        false,
        false,
        false,
        false,
        false,
        false,
        false,
        false,
        false,
        false,
        false
    ],
    "light_hazard": false,
    "walker_hazard": [
        false,
        false,
        false,
        false,
        false,
        false,
        false,
        false,
        false,
        false,
        false,
        false,
        false,
        false,
        false,
        false,
        false,
        false,
        false,
        false,
        false,
        false,
        false,
        false,
        false,
        false,
        false,
        false,
        false,
        false,
        false,
        false,
        false,
        false,
        false,
        false,
        false,
        false,
        false,
        false,
        false,
        false,
        false,
        false,
        false,
        false,
        false,
        false,
        false,
        false,
        false,
        false,
        false,
        false,
        false,
        false,
        false,
        false,
        false,
        false,
        false,
        false,
        false,
        false,
        false,
        false,
        false,
        false,
        false,
        false,
        false,
        false,
        false,
        false,
        false,
        false,
        false,
        false,
        false,
        false
    ],
    "stop_sign_hazard": false,
    "angle": -0.0016054739832636312,
    "ego_matrix": [
        [
            0.9999751448631287,
            0.007021635305136442,
            -0.0005499747348949313,
            364.3113098144531
        ],
        [
            -0.007021630648523569,
            0.999975323677063,
            1.0036050298367627e-05,
            52.30332946777344
        ],
        [
            0.0005500316619873047,
            -6.174081590870628e-06,
            0.9999998211860657,
            0.033143576234579086
        ],
        [
            0.0,
            0.0,
            0.0,
            1.0
        ]
    ]
}