{
    "x": -52.29267864155954,
    "y": 366.2465520128592,
    "theta": 1.5645831823349,
    "speed": 3.7402708221591046,
    "target_speed": 4.0,
    "x_command": -52.29326231912083,
    "y_command": 381.355927033453,
    "command": 6,
    "waypoints": [
        [
            -52.28443145751953,
            368.163330078125,
            1.5673235231215412
        ],
        [
            -52.285396575927734,
            370.1467590332031,
            1.5706823946373554
        ],
        [
            -52.290103912353516,
            372.14739990234375,
            1.5726817122087668
        ],
        [
            -52.2952995300293,
            374.1539001464844,
            1.573182814576041
        ],
        [
            -52.29841613769531,
            376.1639404296875,
            1.572401386676083
        ],
        [
            -52.29888916015625,
            377.61749267578125,
            1.5714739797075747
        ],
        [
            -52.29872131347656,
            377.8983154296875,
            1.5712400527023695
        ],
        [
            -52.29872131347656,
            377.8983154296875,
            1.5712400527023695
        ]
    ],
    "steer": 0.004,
    "throttle": 0.75,
    "brake": false,
    "junction": false,
    "vehicle_hazard": [
        false,
        false,
        false,
        false,
        false,
        false,
        false,
        false,
        false,
        false,
        false,
        false,
        false,
        false,
        false,
        false,
        false,
        false,
        false,
        false,
        false,
        false,
        false,
        false,
        false,
        false,
        false,
        false,
        false,
        false,
        false,
        false,
        false,
        false,
        false,
        false,
        false,
        false,
        false,
        false,
        false,
        false,
        false,
        false,
        false,
        false,
        false,
        false,
        false,
        false,
        false,
        false,
        false,
        false,
        false,
        false,
        false,
        false,
        false,
        false,
        false,
        false,
        false,
        false,
        false,
        false,
        false,
        false,
        false,
        false,
        false,
        false,
        false,
        false,
        false,
        false,
        false,
        false,
        false,
        false
    ],
    "light_hazard": false,
    "walker_hazard": [
        false,
        false,
        false,
        false,
        false,
        false,
        false,
        false,
        false,
        false,
        false,
        false,
        false,
        false,
        false,
        false,
        false,
        false,
        false,
        false,
        false,
        false,
        false,
        false,
        false,
        false,
        false,
        false,
        false,
        false,
        false,
        false,
        false,
        false,
        false,
        false,
        false,
        false,
        false,
        false,
        false,
        false,
        false,
        false,
        false,
        false,
        false,
        false,
        false,
        false,
        false,
        false,
        false,
        false,
        false,
        false,
        false,
        false,
        false,
        false,
        false,
        false,
        false,
        false,
        false,
        false,
        false,
        false,
        false,
        false,
        false,
        false,
        false,
        false,
        false,
        false,
        false,
        false,
        false,
        false
    ],
    "stop_sign_hazard": false,
    "angle": -0.0015715655747931092,
    "ego_matrix": [
        [
            0.9999791979789734,
            0.006451208610087633,
            0.00023868663993198425,
            366.2465515136719
        ],
        [
            -0.006451196502894163,
            0.9999791979789734,
            -5.1608323701657355e-05,
            52.29027557373047
        ],
        [
            -0.00023901461099740118,
            5.006743231206201e-05,
            1.0,
            0.03353618457913399
        ],
        [
            0.0,
            0.0,
            0.0,
            1.0
        ]
    ]
}