{
    "x": -52.2873034860878,
    "y": 368.2496648085582,
    "theta": 1.5681507587432861,
    "speed": 3.9113356854073085,
    "target_speed": 4.0,
    "x_command": -52.29326231912083,
    "y_command": 381.355927033453,
    "command": 6,
    "waypoints": [
        [
            -52.28578567504883,
            370.2275390625,
            1.5707088651809755
        ],
        [
            -52.29021453857422,
            372.2257385253906,
            1.572594869880578
        ],
        [
            -52.29507064819336,
            374.22869873046875,
            1.5730395978869354
        ],
        [
            -52.29789352416992,
            376.2337951660156,
            1.5722601180737106
        ],
        [
            -52.2983512878418,
            377.68218994140625,
            1.5714557551292732
        ],
        [
            -52.29818344116211,
            377.9594421386719,
            1.5712248252205918
        ],
        [
            -52.29818344116211,
            377.9594421386719,
            1.5712248252205918
        ],
        [
            -52.29818344116211,
            377.9594421386719,
            1.5712248252205918
        ]
    ],
    "steer": 0.005,
    "throttle": 0.575203364798827,
    "brake": false,
    "junction": false,
    "vehicle_hazard": [
        false,
        false,
        false,
        false,
        false,
        false,
        false,
        false,
        false,
        false,
        false,
        false,
        false,
        false,
        false,
        false,
        false,
        false,
        false,
        false,
        false,
        false,
        false,
        false,
        false,
        false,
        false,
        false,
        false,
        false,
        false,
        false,
        false,
        false,
        false,
        false,
        false,
        false,
        false,
        false,
        false,
        false,
        false,
        false,
        false,
        false,
        false,
        false,
        false,
        false,
        false,
        false,
        false,
        false,
        false,
        false,
        false,
        false,
        false,
        false,
        false,
        false,
        false,
        false,
        false,
        false,
        false,
        false,
        false,
        false,
        false,
        false,
        false,
        false,
        false,
        false,
        false,
        false,
        false,
        false
    ],
    "light_hazard": false,
    "walker_hazard": [
        false,
        false,
        false,
        false,
        false,
        false,
        false,
        false,
        false,
        false,
        false,
        false,
        false,
        false,
        false,
        false,
        false,
        false,
        false,
        false,
        false,
        false,
        false,
        false,
        false,
        false,
        false,
        false,
        false,
        false,
        false,
        false,
        false,
        false,
        false,
        false,
        false,
        false,
        false,
        false,
        false,
        false,
        false,
        false,
        false,
        false,
        false,
        false,
        false,
        false,
        false,
        false,
        false,
        false,
        false,
        false,
        false,
        false,
        false,
        false,
        false,
        false,
        false,
        false,
        false,
        false,
        false,
        false,
        false,
        false,
        false,
        false,
        false,
        false,
        false,
        false,
        false,
        false,
        false,
        false
    ],
    "stop_sign_hazard": false,
    "angle": -0.0014509942638465706,
    "ego_matrix": [
        [
            0.9999954104423523,
            0.003036538837477565,
            0.00010994185140589252,
            368.2496643066406
        ],
        [
            -0.003036531386896968,
            0.9999954104423523,
            -6.851107173133641e-05,
            52.2849006652832
        ],
        [
            -0.00011014937626896426,
            6.817691610194743e-05,
            1.0,
            0.03347228839993477
        ],
        [
            0.0,
            0.0,
            0.0,
            1.0
        ]
    ]
}