{
    "x": -52.2891460717244,
    "y": 370.1463628091902,
    "theta": 1.5714198350906372,
    "speed": 4.059226314673107,
    "target_speed": 4.0,
    "x_command": -52.29326231912083,
    "y_command": 381.355927033453,
    "command": 6,
    "waypoints": [
        [
            -52.29149627685547,
            372.1790771484375,
            1.5727203635447184
        ],
        [
            -52.29600524902344,
            374.2183532714844,
            1.572889959312555
        ],
        [
            -52.298301696777344,
            376.2621765136719,
            1.5719818360750373
        ],
        [
            -52.298343658447266,
            377.75067138671875,
            1.5711552108983997
        ],
        [
            -52.298126220703125,
            378.05596923828125,
            1.5709423144296453
        ],
        [
            -52.298126220703125,
            378.05596923828125,
            1.5709423144296453
        ],
        [
            -52.298126220703125,
            378.05596923828125,
            1.5709423144296453
        ],
        [
            -52.298126220703125,
            378.05596923828125,
            1.5709423144296453
        ]
    ],
    "steer": 0.003,
    "throttle": 0.03268475973236501,
    "brake": false,
    "junction": false,
    "vehicle_hazard": [
        false,
        false,
        false,
        false,
        false,
        false,
        false,
        false,
        false,
        false,
        false,
        false,
        false,
        false,
        false,
        false,
        false,
        false,
        false,
        false,
        false,
        false,
        false,
        false,
        false,
        false,
        false,
        false,
        false,
        false,
        false,
        false,
        false,
        false,
        false,
        false,
        false,
        false,
        false,
        false,
        false,
        false,
        false,
        false,
        false,
        false,
        false,
        false,
        false,
        false,
        false,
        false,
        false,
        false,
        false,
        false,
        false,
        false,
        false,
        false,
        false,
        false,
        false,
        false,
        false,
        false,
        false,
        false,
        false,
        false,
        false,
        false,
        false,
        false,
        false,
        false,
        false,
        false,
        false,
        false
    ],
    "light_hazard": false,
    "walker_hazard": [
        false,
        false,
        false,
        false,
        false,
        false,
        false,
        false,
        false,
        false,
        false,
        false,
        false,
        false,
        false,
        false,
        false,
        false,
        false,
        false,
        false,
        false,
        false,
        false,
        false,
        false,
        false,
        false,
        false,
        false,
        false,
        false,
        false,
        false,
        false,
        false,
        false,
        false,
        false,
        false,
        false,
        false,
        false,
        false,
        false,
        false,
        false,
        false,
        false,
        false,
        false,
        false,
        false,
        false,
        false,
        false,
        false,
        false,
        false,
        false,
        false,
        false,
        false,
        false,
        false,
        false,
        false,
        false,
        false,
        false,
        false,
        false,
        false,
        false,
        false,
        false,
        false,
        false,
        false,
        false
    ],
    "stop_sign_hazard": false,
    "angle": -0.0013054245697865477,
    "ego_matrix": [
        [
            0.9999998211860657,
            -0.00029715904383920133,
            -0.0004449957050383091,
            370.1463623046875
        ],
        [
            0.0002971403009723872,
            0.9999999403953552,
            -4.2210169340251014e-05,
            52.2867431640625
        ],
        [
            0.00044500824878923595,
            4.207793972454965e-05,
            0.9999998807907104,
            0.03319576010107994
        ],
        [
            0.0,
            0.0,
            0.0,
            1.0
        ]
    ]
}